36635887;Miguel;;Terrón;Giralt;3342877341;Alameda de Ligia Borrás 7 Puerta 7  Córdoba, 09044
53042587;Reyna;;Malo;Nieto;3236596276;Plaza de Albano Torrens 1 Apt. 52  Cantabria, 02361
16312487;Victoriano;Hortensia;Salcedo;Serra;3782930408;Vial de Ciriaco Miró 54 Guipúzcoa, 90929
57050534;Rosa;Aura;Dalmau;Cabrera;3275517112;Glorieta de Ariel Gutierrez 1 Girona, 51296
88328449;Octavio;;Ojeda;Andrés;3592348404;Pasadizo Candela Navarrete 77 Piso 0  Zaragoza, 28464
92952186;Eusebio;Francisco Javier;Manrique;Girona;3113976540;Alameda Rico Godoy 77 Burgos, 70243
99507363;Nando;;Mesa;Montero;3802295431;Pasadizo de Virginia Cabello 35 Asturias, 02030
59275905;Juan Luis;;Machado;Cuevas;3696846750;Vial Íñigo Benítez 2 Puerta 2  Soria, 49826
45028641;Julieta;Iris;Rosselló;Chico;3591126834;Rambla Bartolomé Tenorio 2 Barcelona, 40660
39804577;Victorino;Ana Sofía;Andrés;Fortuny;3586453288;Cañada de Amarilis Neira 258 Badajoz, 88359
10111477;Marianela;Bernarda;Valle;Gelabert;3434987576;Alameda Hilario Iniesta 14 Apt. 03  Córdoba, 16363
92612552;Iris;;Ribas;Lledó;3308029149;Via Edmundo Cadenas 643 Apt. 23  Salamanca, 46829
56836415;Gregorio;Priscila;Garzón;Arregui;3149874727;C. Silvestre Tomás 77 Piso 4  Palencia, 58703
40685943;Artemio;;Expósito;Rodriguez;3642215463;Pasadizo de Teobaldo Plana 821 Palencia, 96967
68057810;Feliciano;Emiliana;Gallego;Sevillano;3250225082;Camino de Priscila Pi 34 Piso 3  Murcia, 42992
73121370;Melisa;;Trujillo;Acuña;3690670085;C. de María José Iñiguez 14 Albacete, 12997
71432299;Evaristo;;Corominas;Vera;3849986081;Alameda Ruy Barragán 1 Valladolid, 85571
48738998;Pepito;;Pujol;Tena;3303528562;C. de Alejo Izaguirre 4 Castellón, 52168
79272759;Anastasia;;Alarcón;Salom;3189849697;Urbanización Natanael Ferreras 25 Apt. 82  Huesca, 32930
71666564;Íngrid;Ruben;Juárez;Escamilla;3919813705;Vial Jesús Palomar 33 Córdoba, 41137
33587138;Belén;Armando;Trujillo;Marín;3192092999;Alameda de Nélida Jurado 46 Almería, 89057
92427279;Calixta;;Sáez;Vilanova;3468604795;Pasadizo de Daniel Escobar 562 Puerta 8  Valladolid, 46749
84059386;Eusebio;Manuela;Jiménez;Raya;3843732845;Pasaje de Borja Camino 18 Apt. 87  Las Palmas, 78345
77904836;Constanza;Angelina;Acedo;Castrillo;3536352848;Cuesta Sigfrido Borrás 44 Puerta 5  Zaragoza, 03199
83604072;Ágata;Isidoro;Díez;Soler;3298588211;Callejón Rafaela Mosquera 97 Apt. 40  Cantabria, 20531
58254643;Maricruz;;Escolano;Amorós;3476667229;Cuesta Tito Arjona 90 Piso 6  Lugo, 04434
56902842;Consuelo;;Gutiérrez;Poza;3579333579;Avenida Adrián Jódar 36 Apt. 66  La Rioja, 37011
35800359;Alfonso;Jose Ignacio;Cuadrado;Anglada;3335164517;Camino de Susana Mena 796 Puerta 3  Las Palmas, 52103
34909955;Zaira;Ascensión;Piñol;Porta;3730771910;Plaza de Iván Marqués 45 Piso 7  Zaragoza, 68689
31755782;Esther;;Amorós;Gonzalo;3223973847;Avenida de Águeda Peñas 2 Segovia, 86810
52447513;Genoveva;;Bauzà;Leon;3534460022;Urbanización de Jovita Blázquez 49 Ourense, 52244
73831221;Agustín;Brígida;Azorin;Baquero;3197413250;Calle de Nidia Noriega 76 Piso 0  Asturias, 88123
37620310;Jose Ignacio;Rosalinda;Menéndez;Moliner;3945802574;Paseo Azahara Niño 88 Badajoz, 85137
92142258;Chus;;Gracia;Olmo;3659125872;Via de Nilo Salvador 44 Ciudad, 97377
47490243;Glauco;;Cañas;Pedrosa;3151245046;Glorieta Severo Macias 35 Santa Cruz de Tenerife, 92167
64773195;Carolina;;Martín;Jerez;3816131268;Alameda de Emilia Dominguez 32 Ciudad, 11449
91362584;María Carmen;Chus;Serna;Pedro;3587148889;Cuesta Febe Agustí 3 Cantabria, 71140
52037750;Celestina;;Delgado;Salas;3940682016;Avenida Marisela Bayo 29 Santa Cruz de Tenerife, 75481
42489169;Ariel;Sandra;Gracia;Borrell;3527588430;Calle Aristides Ojeda 1 Tarragona, 19089
74791293;Ainara;Andrés;Busquets;Cervantes;3221392058;Glorieta Máxima Valencia 33 Apt. 04  Asturias, 78421
34285264;Amílcar;;Novoa;Tur;3555220414;Avenida de Iris Zabala 11 Apt. 10  Lleida, 24548
47279838;Tristán;;Ros;Cordero;3299294231;Rambla de Pepito Canals 69 Huelva, 68925
62904882;Luciano;Fortunata;Landa;Hervia;3897146485;Camino de Isa Ibáñez 90 Barcelona, 72960
24820454;Angélica;Luisina;Frutos;Escobar;3784536411;Avenida Régulo Piña 18 Puerta 6  Cádiz, 16755
96566774;Cándido;Ester;Escalona;Luís;3437691429;C. de Evita Bastida 11 La Coruña, 93896
30985446;Hector;;Cañizares;Hurtado;3956706270;Urbanización Adela Ricart 24 Piso 7  Navarra, 17789
10989151;Eva;;Cerdá;Mascaró;3267434870;Paseo de Isabel Galan 58 Apt. 35  Melilla, 19890
23419062;Nayara;Miguela;Tirado;Cordero;3394748437;Callejón Ramón Gabaldón 72 Apt. 31  Las Palmas, 37862
63192208;Ariadna;Adoración;Torrijos;Cuadrado;3780684250;Rambla de Rafaela Llano 68 Cantabria, 67836
34161974;Ruperta;;Aznar;Pascual;3850746195;Vial de Martín Estrada 563 Piso 6  Lugo, 17943
58673603;Florentina;Tomasa;Álvarez;Bolaños;3395456000;Via Teobaldo Moraleda 949 Apt. 20  Girona, 70737
34208787;Esmeralda;Manu;Vigil;Bermúdez;3515942870;Rambla de Febe Matas 49 Piso 3  Melilla, 29301
98676382;Florina;Miguel Ángel;Román;Soriano;3575787842;Via de Guadalupe Moles 72 Piso 7  Lleida, 50317
43717941;Pancho;Reinaldo;Barberá;Vidal;3934456110;Pasaje de Concha Lledó 94 Zaragoza, 99303
97504696;Valeria;Ramona;Tena;Madrid;3632346479;Vial de Reinaldo Fabra 17 Lleida, 82535
15291111;Bárbara;Aureliano;Pineda;Salcedo;3457207478;Camino de Samu Escrivá 330 Puerta 5  Pontevedra, 11430
34651472;Rufino;;Bellido;Rey;3598998302;Via Leire Vaquero 98 Apt. 01  Salamanca, 59100
72091926;Constanza;;Soto;Rocamora;3120170037;Via Micaela Pellicer 43 Sevilla, 44540
73381746;Vicente;;Villaverde;Nebot;3668569610;Paseo María Fernanda Guardiola 4 Piso 2  Murcia, 66835
51124972;Berto;Manuelita;Viana;Santamaría;3233725281;Glorieta de Iván Rico 20 Guipúzcoa, 86906
39629092;Marcio;;Gomis;Quero;3700412031;Via Mayte Aranda 72 Palencia, 93079
86595704;Rómulo;;Iniesta;Llamas;3841204949;C. Estrella Álamo 45 Puerta 5  Murcia, 99970
92002256;Juan Francisco;Roxana;Iglesias;Jiménez;3633688585;Via Catalina Puente 74 Huelva, 47429
73940826;Silvia;Delfina;Iglesia;Lopez;3338811708;Plaza José Antonio Antúnez 63 Baleares, 89049
92300614;Ángeles;Nereida;Casado;Vara;3593107389;Urbanización Wálter Blanco 98 Girona, 50351
67949942;Dimas;Eugenia;Diéguez;Amores;3529906425;C. de Enrique Huerta 37 Apt. 48  Asturias, 58235
56506182;Héctor;;Jover;Abella;3171058837;Pasadizo de Encarna Elías 33 Guipúzcoa, 77918
17360901;Saturnino;;Acuña;Garcés;3940414034;Vial Eusebia Lobo 649 Salamanca, 83589
31130420;Trinidad;;Mata;Torrijos;3331525716;Camino de María Carmen Bellido 9 Pontevedra, 41856
44932218;Carlos;;Plana;Alcalde;3730999309;Urbanización de Nicanor Marqués 14 Apt. 43  Asturias, 87171
53621575;Sandra;Cornelio;Arroyo;Cobos;3207698918;Vial de Enrique Miguel 47 Puerta 0  Asturias, 61448
83106649;Albano;Sara;Carlos;Sacristán;3872109364;Plaza de Sarita Cabo 41 Palencia, 25709
71057314;Camilo;Merche;Olivares;Gallardo;3785606385;C. Magdalena Mosquera 672 Murcia, 57927
36483984;Jimena;Augusto;Batalla;Viñas;3296771603;Avenida de Cloe Robles 411 Apt. 43  Zamora, 33408
99415387;Teobaldo;;Colom;Porcel;3137172513;Plaza Maite Cárdenas 364 Piso 3  Las Palmas, 55688
60370313;Olga;;Oliveras;Gallo;3833645584;Avenida de Mohamed Pont 73 Guadalajara, 87056
13527761;Anita;;Sobrino;Cabo;3887863033;Pasaje de Ruth Vazquez 40 Toledo, 14350
47010839;Estela;Vasco;Cabrera;Falcó;3946607632;Paseo Epifanio Calzada 692 Apt. 09  Madrid, 60576
62226799;Tecla;Lina;Pereira;Amo;3304880142;C. de Ámbar Mariño 559 Puerta 5  Alicante, 96325
63957644;Remedios;Ascensión;Pombo;Osuna;3604028525;Glorieta Florencia Acero 64 Piso 0  Álava, 45705
96438990;Cebrián;;Núñez;Feliu;3746615675;Avenida de Adriana Salgado 407 Zaragoza, 69210
92818753;Griselda;;Gual;Baeza;3105516425;C. de Fabricio Pou 501 Apt. 82  Huesca, 20151
15396320;Iris;Tiburcio;Pla;Arenas;3283965740;Plaza Espiridión Vizcaíno 5 Girona, 75860
30567173;Joan;;Simó;Ballesteros;3715925866;Paseo Ciro Aznar 72 Madrid, 13774
48739976;Clotilde;Aránzazu;Martínez;López;3576322869;Camino de Belén Alvarado 370 Puerta 4  Sevilla, 69865
20059196;Plácido;Martina;Tena;Coca;3599346066;Avenida Silvestre Bello 329 Puerta 5  Baleares, 89568
24478058;Socorro;Javiera;Castejón;Cuevas;3468718107;Rambla de Bernardita Cerezo 74 Valencia, 43002
55162157;Morena;Nydia;Ferrándiz;Ramis;3639206539;C. de Susana Díaz 343 Puerta 7  Albacete, 98944
99744616;Bienvenida;Charo;Arribas;Robledo;3193386508;Glorieta Cebrián Jaume 95 Piso 2  Álava, 13737
52462374;Blas;;Fernández;Giménez;3771824812;Plaza de María José Mateos 38 Puerta 6  Ourense, 07473
93437116;Severino;;Blazquez;Suárez;3857240926;Cuesta Abril Ferrera 955 Apt. 12  Zamora, 87744
93240789;Eduardo;;Elías;Cano;3783281915;Urbanización Irene Acosta 36 Apt. 89  Pontevedra, 66802
81616065;Jovita;Gonzalo;Camino;Viña;3634242380;Pasadizo Nydia Aragón 622 Zaragoza, 19524
36753193;Odalys;Genoveva;Valenzuela;Escamilla;3448348712;Calle de Donato Solera 18 Piso 5  Cuenca, 53477
76608881;Dora;Mónica;Font;Valcárcel;3817654346;Avenida Román Saura 40 Apt. 62  Murcia, 57252
39276633;Amada;;Vilanova;Raya;3259007256;Plaza de Wálter Salamanca 105 Segovia, 37460
48235889;Chelo;;Vega;Gascón;3250637173;Avenida de Blanca Pareja 50 Apt. 17  Málaga, 83016
84277933;Lilia;;Fajardo;Tejera;3434655733;Glorieta Flora Esteve 90 Cantabria, 73285
88705046;Angelino;Santos;Palomino;Azorin;3213963217;Calle Brunilda Pulido 44 Apt. 95  Soria, 71514
18548493;Benigna;Ambrosio;Ariño;Pina;3818857638;Camino Jesusa Benavides 9 Baleares, 38137
52214654;Teo;;Ródenas;Sales;3703004960;Via Pacífica Toro 82 Guadalajara, 52463
30276592;Cecilia;;Olivares;Solé;3915623476;Camino de Juan Moles 95 Apt. 37  Cuenca, 33964
64972964;Albina;;Rico;Alberto;3352735512;Pasadizo de Severiano Badía 11 Piso 6  Jaén, 27057
68321045;Ariel;Lalo;Raya;Ayuso;3820486502;Acceso Clímaco Sotelo 64 La Rioja, 12323
18519932;María;;Arnaiz;Robles;3849484170;Avenida de María Manuela Cerdá 114 Salamanca, 24203
28776521;Loreto;;Huertas;Saldaña;3425645137;Glorieta de Felisa Atienza 835 La Coruña, 33476
76479972;Alberto;;Pedraza;Conesa;3163761142;Callejón de Julio César Sarmiento 28 Guadalajara, 11334
27134017;Marcelino;Moisés;Arrieta;Pons;3361982823;Callejón Darío Coronado 51 Piso 8  Córdoba, 99131
59711019;Tomasa;Débora;Pol;Maza;3176390161;Plaza de Sofía Durán 58 Puerta 1  Guipúzcoa, 74356
39209894;Priscila;;Pizarro;Arregui;3507414701;Vial de Olga Agudo 60 Almería, 19823
29159589;Valentina;Chelo;Hervás;Mercader;3515938689;Ronda de Rosalina Falcón 2 Cuenca, 17094
85389469;Amado;Demetrio;Plaza;Rovira;3825109547;Camino Águeda Velázquez 454 Apt. 43  Huesca, 41961
67637624;Gala;;Hoz;Almansa;3121814782;Cañada de Gisela Chaves 71 Piso 2  Cantabria, 90446
99679824;Ambrosio;;Nogueira;Baños;3275893936;Cuesta Joan Ramírez 3 Piso 6  Málaga, 50941
54882687;Carolina;Jose Miguel;Hervia;Quirós;3157024487;Pasadizo de Reinaldo Cano 66 Madrid, 08583
87795566;Isidoro;Emilio;Malo;Vargas;3525185963;Camino Catalina Torrijos 18 Piso 7  Alicante, 31636
68806648;Nélida;;Rivero;Alcaraz;3300875333;Camino de Imelda Anglada 35 Segovia, 02138
49763640;Santos;Yaiza;Moreno;Cuervo;3489580164;Rambla Jose Miguel Santamaria 64 Puerta 8  Girona, 74249
64826295;Ildefonso;;Vilanova;Isern;3284740372;Urbanización de Hernán Oller 62 Puerta 3  Soria, 04014
76861122;Buenaventura;Consuela;Corbacho;Perera;3628478579;Cuesta de Aránzazu Font 75 Puerta 0  Asturias, 74755
27654414;Pedro;;Olivares;Mateo;3216098077;Alameda de Carlito Gracia 55 Las Palmas, 12666
62285381;Ángela;Pedro;Pellicer;Llobet;3819171393;Ronda Abraham Rubio 289 Salamanca, 30015
69243195;Ana Belén;;Garriga;Collado;3959473771;Paseo de Rogelio Coca 476 Apt. 97  Burgos, 32710
80987640;Melania;;Adán;Prado;3555470841;Via Aurelio Viana 38 Apt. 53  Cáceres, 40974
19778222;José Antonio;;Hidalgo;Borrell;3942002107;Glorieta Julio César Caballero 5 Puerta 3  Zaragoza, 80985
28529887;Onofre;;Abellán;Porta;3427964104;Camino José María Alsina 728 Ourense, 67386
87631236;Saturnina;;Gimeno;Badía;3841247197;Via Albina Rosselló 21 Apt. 97  Lleida, 80506
54252306;Natanael;;Chaparro;Dominguez;3909983798;Acceso de Daniel Sosa 75 Puerta 6  Badajoz, 14621
98092291;Corona;Francisco;Nevado;Ródenas;3285441587;Cuesta de Jose Miguel Fiol 693 Piso 0  Murcia, 27756
49701906;Chelo;;Busquets;Benito;3365677910;C. Eleuterio Caballero 329 Piso 3  Segovia, 92711
25586737;Mohamed;Pelayo;Badía;Plana;3698609968;C. Maricruz Taboada 94 Apt. 53  Baleares, 39741
37232440;Cristina;Rosaura;Redondo;Luís;3841223014;Pasaje de Encarna Cantón 76 Tarragona, 00574
14653928;Javier;Feliciano;Noguera;Ibarra;3619037844;Pasadizo Haydée Alfonso 12 Puerta 5  Pontevedra, 24739
50551138;Visitación;Florentina;Escamilla;Camps;3182759177;Vial de Juan Bautista Losa 746 Madrid, 28920
87205041;Lina;;Gutiérrez;Ángel;3898955389;Glorieta de Ani Alba 39 Apt. 24  Cantabria, 66147
97940757;Filomena;;Galvez;Ariza;3519586171;Calle Macarena Amador 75 Burgos, 45857
63462355;Otilia;Nilo;Santamaria;Nieto;3910096858;Ronda Ana Monreal 923 Apt. 95  Toledo, 05054
68455495;Ester;;Valls;Esteve;3709476986;Via José Manuel Mosquera 21 Burgos, 67821
43439936;Manu;Maxi;Diego;Landa;3745156936;Urbanización Leandro Saavedra 81 Apt. 13  Ávila, 51745
44051108;Milagros;Jessica;Mendizábal;Lumbreras;3908480314;Alameda Perla Juliá 47 Puerta 9  Cádiz, 29875
60504428;Teresa;Carmen;Zapata;Martínez;3735294047;Via de Octavia Granados 81 Valladolid, 30983
12981038;Carlota;;Vicens;Bernat;3591778471;Alameda de Cayetana Barrena 15 Guadalajara, 70756
10824957;Lilia;;Giménez;Jimenez;3902580568;Plaza de Soraya Barranco 688 Alicante, 96636
34457215;Olegario;;Olivé;Agullo;3494668522;Urbanización Domitila Sedano 8 Santa Cruz de Tenerife, 58480
24249956;Esperanza;;Iborra;Marin;3398959820;Ronda de Chita Escobar 58 Puerta 2  Lleida, 23701
30096589;Andrés;;Fabra;Zabaleta;3599837387;Glorieta Alexandra Jove 8 León, 01589
27867352;Noelia;Aureliano;Berenguer;Riba;3188301476;Via de Teobaldo Becerra 30 Apt. 30  Cádiz, 41585
89535908;Cayetano;Jose Angel;Arce;Burgos;3888143538;Avenida Melisa Abellán 539 Toledo, 94742
83960532;Román;Ambrosio;Coca;Barbero;3294321171;Avenida Araceli Quiroga 562 Apt. 18  Córdoba, 04493
76817721;Ciríaco;;Conesa;Pombo;3978468017;Camino de Luisa Hernández 10 Apt. 96  Sevilla, 44901
39015912;Rafaela;;Blazquez;Diéguez;3481271201;Calle de Agapito Alonso 28 Cuenca, 02657
86959282;Nydia;Morena;Bejarano;Tomás;3253333782;Vial Vicenta Carlos 82 Baleares, 12969
72884591;Victoriano;;Rodriguez;Coronado;3947272923;Avenida de Nadia Verdejo 77 Piso 4  Córdoba, 55055
10255746;Martín;;Quiroga;Contreras;3861626445;C. Merche Bernad 14 Puerta 4  Vizcaya, 62915
51308977;Jenny;;Martin;Llamas;3560314633;Vial Lalo Bustamante 76 Cuenca, 84030
45863185;Javi;;Méndez;Clemente;3623057815;Glorieta de Agustín López 4 Piso 3  La Rioja, 57818
87474195;Julie;Sara;Cerro;Benet;3742384449;Avenida Juan Manuel Cantero 87 Piso 0  Madrid, 32390
83980798;Dolores;Reynaldo;Cabeza;Jáuregui;3546430873;Pasaje Lupita Corominas 816 Apt. 78  Huesca, 57782
49075152;Amalia;;Garriga;Vergara;3390939337;Cuesta de Emelina Garrido 380 Huelva, 18348
20394920;Micaela;Isabel;Rosell;Sarabia;3866380081;Alameda de Ariadna Ariño 90 Piso 0  Barcelona, 77726
34146779;Francisca;Carolina;Marco;Sans;3390614382;Acceso Julieta Abril 33 Ourense, 27838
68613921;Rico;Roxana;Antón;Cuenca;3353007339;Callejón de Anastasio Castell 58 Lugo, 87563
38657790;Lázaro;Olegario;Laguna;Planas;3161170435;Camino Lucas Bernad 69 Puerta 4  Cádiz, 73473
89556786;Amarilis;Néstor;Galiano;Peral;3649288643;Pasadizo de Alondra Araujo 88 Valladolid, 93772
59750565;Guadalupe;Benjamín;Arcos;Pedraza;3816244611;Callejón Victor Piquer 2 Apt. 15  La Coruña, 51337
50575991;Zacarías;;Llamas;Peña;3220187402;Rambla Milagros Menendez 497 Piso 4  Palencia, 62223
89476491;Osvaldo;;Girón;Velasco;3385354764;Calle de Jose Manuel Martin 309 Puerta 5  Cuenca, 01276
28077997;Tomasa;Carina;Andrade;Mancebo;3137694524;Via de Carla Sola 55 Piso 8  Pontevedra, 39556
95294234;Loida;Apolinar;Villalba;Aramburu;3326322960;Urbanización Atilio Correa 14 Cáceres, 03780
16660549;Marino;Montserrat;Barberá;Rodríguez;3162128785;Avenida Graciana Dalmau 21 Álava, 52453
20998153;Georgina;;Sacristán;Cortina;3604930711;Glorieta Feliciana Almazán 43 Guipúzcoa, 07815
32938506;Bernardo;Jovita;Villegas;Llanos;3306822741;Rambla de Nicanor Aguilar 54 Guadalajara, 61991
68654786;Seve;Edelmiro;Isern;Mora;3702071745;Rambla Socorro Garay 75 Puerta 4  Huelva, 50525
63719062;Ovidio;;Serra;Almazán;3530064275;Pasaje de Esther Torrens 7 Zaragoza, 98637
16664496;Santos;Ofelia;Alemany;Aragón;3412215925;Cañada de Rolando González 43 Piso 7  Huesca, 01256
36622777;Vito;;Uría;Lerma;3143636997;Calle Fabricio Zorrilla 7 Puerta 2  Castellón, 57097
57048632;Rosendo;;Giralt;Palma;3956273851;Plaza Elisa Rojas 51 Puerta 3  Soria, 74147
76857581;Angelita;Alejo;Canals;Soria;3853443258;Via Aurelio Pou 117 Salamanca, 98726
53040687;Albina;Calisto;Lladó;Gómez;3194320304;Acceso de Silvia Perera 86 Huelva, 61564
80273751;Erasmo;;Lasa;Vazquez;3331970742;Cuesta Javier Tolosa 574 Murcia, 13109
89778176;Haroldo;;España;Trillo;3944279534;Via Manu Pinto 74 Ourense, 30180
84115953;Manola;Jose Manuel;Pons;Castañeda;3602042030;C. Samuel Estevez 727 Teruel, 29245
58199989;Paca;;Arrieta;Cardona;3369571118;Acceso Toni Pereira 48 Ourense, 69687
69344915;Leocadia;;Pizarro;Pablo;3110806573;C. de Maricela Sans 8 Lugo, 26025
90226009;Ciriaco;;Gallart;Tena;3384353254;Vial de Augusto Burgos 77 Piso 3  Valladolid, 02911
74560252;Leonor;;Valero;Gallart;3524965191;Calle Manuel Corominas 46 Apt. 19  Ourense, 24411
17554831;Aarón;;Garay;Verdejo;3240388011;Callejón Candelaria Galván 24 Puerta 8  Burgos, 23172
34888458;Elisabet;Marco;Córdoba;Macías;3952789526;Callejón Úrsula Lozano 36 Piso 5  Huesca, 52941
54908650;Rafaela;Sabas;Arellano;Estrada;3272311243;Cañada Luz Coello 37 Puerta 4  Navarra, 59113
89929183;Virginia;Juliana;Ballester;Berenguer;3181404681;Paseo Charo Larrea 72 Piso 0  Madrid, 09248
13540219;Nando;;Iriarte;Iborra;3582094268;Ronda Amancio Merino 81 Apt. 11  Salamanca, 57777
88696014;Perla;Cándida;Bilbao;Leal;3345575515;Urbanización Marina Lopez 42 Huelva, 46440
19531314;Encarnita;Mayte;Royo;Mata;3319470464;Avenida de Cecilia Villa 27 Piso 8  Valencia, 45086
76462292;Nazaret;Nayara;Alcázar;Rueda;3915182159;Cuesta de Nuria Guzmán 57 Guadalajara, 40218
78870059;Susana;;Domingo;Serrano;3434284214;Glorieta Amelia Valencia 65 Cádiz, 11023
17027961;Cristóbal;;Vallejo;Rivas;3977295874;Callejón Maximino Aguirre 15 Álava, 49669
48454022;Kike;Isaac;Campo;Delgado;3495959755;Plaza de Adora Arteaga 491 Cantabria, 53758
93313812;Danilo;;Morata;Carrión;3209000552;C. de Dan Arribas 53 Lleida, 93805
62042873;Perlita;;Arteaga;Perales;3161436000;Cañada Jennifer Campoy 76 Piso 6  Cuenca, 67455
63824135;Eliseo;;Blázquez;Martin;3679400183;Avenida Ángeles Luna 57 Apt. 94  Albacete, 36337
14704115;Lina;Natalia;Caparrós;Manso;3952285368;Urbanización de Reina Bonet 3 Puerta 4  Guipúzcoa, 07013
51443517;Severino;Yéssica;Ledesma;Diez;3133754008;Plaza Teodora Córdoba 928 Apt. 33  Almería, 96931
92189641;Estrella;Rafaela;Alvarado;Flor;3314757394;Acceso Inocencio Pereira 950 Asturias, 47818
37192031;Consuela;;Rodrigo;Páez;3507883009;Plaza Marta Berrocal 53 Valladolid, 88085
21547319;Sara;;Arnaiz;Amat;3624534622;Pasadizo de Amor Tello 27 Huesca, 94804
15442259;Ale;;Paredes;Fabregat;3166779548;Avenida de Íñigo Juan 41 Puerta 9  Valladolid, 51295
47220407;Rebeca;;Martin;Mendez;3587971581;Urbanización de Mónica Armas 18 Badajoz, 72179
51371722;Eric;Bautista;Cuervo;Rozas;3616318406;Urbanización de Nerea Guardiola 25 Piso 0  Zamora, 10047
24737567;Roberto;Andrés Felipe;Chamorro;Leiva;3751553190;Urbanización Inés Galan 46 Piso 6  León, 62959
41317389;Dorita;Nacio;Palomo;Gibert;3276182522;Via de José Ángel González 56 Apt. 26  Jaén, 56442
92467440;Fabricio;;Catalá;Serra;3555879445;Plaza de Maxi Cabo 20 Apt. 53  Segovia, 42739
24848664;Rosario;;Arnau;Nuñez;3803295568;Alameda África Olivares 20 Huesca, 48952
15384725;Amor;;Viñas;Calvo;3567910750;Glorieta de Narciso Hoz 254 Apt. 29  Álava, 12242
83348156;Esther;;Prado;Iñiguez;3501276543;Callejón de Severino Falcó 11 Piso 8  Badajoz, 15906
29698150;Bautista;;Tejada;Fuentes;3390154964;Callejón Noa Navarro 74 Puerta 5  Asturias, 18164
36694463;Chucho;Lorenza;Donoso;Pascual;3987572471;Urbanización Asdrubal Ávila 87 Piso 1  Salamanca, 87558
74182499;Carlito;Itziar;Feliu;Cerdá;3987778953;Cañada de Narciso Bello 19 Alicante, 22474
90264366;Roldán;Espiridión;Arco;Morillo;3785642378;Pasaje Dominga Arroyo 33 Valladolid, 05602
42259513;Leire;Julie;Mateos;Naranjo;3746196462;Calle de Candelaria Costa 255 Apt. 17  Segovia, 02902
13443183;Emperatriz;;Sierra;Galiano;3462213546;Camino de Mauricio Bellido 94 Apt. 71  Palencia, 54620
45270539;Nilo;;Campillo;Manzanares;3304789759;Vial Marisa Borrego 48 Huelva, 57655
64089728;Leire;;Piñol;Valencia;3742762359;Ronda Amor Figueras 55 Barcelona, 45964
70473069;Rita;Anunciación;Valera;Morillo;3277648530;Via Víctor Colomer 776 Segovia, 40162
98911307;Curro;Cipriano;Bartolomé;Feliu;3913119980;Urbanización Lupe Estévez 356 Apt. 33  Sevilla, 78461
46256936;Perlita;;Cifuentes;Giner;3799202306;Rambla de Beatriz Díaz 1 Puerta 6  Cáceres, 19025
88946381;Lola;;Crespo;Simó;3437881708;Vial de Abril Bautista 70 Málaga, 86797
97471748;Aureliano;;Saavedra;Martorell;3296176925;Pasadizo Trinidad Tenorio 678 Piso 4  Lleida, 70201
94923432;Reyes;Lourdes;Sebastián;Arnal;3150197387;C. Mauricio Peñas 86 León, 99571
57026905;Norberto;;Osuna;Gras;3903677254;Vial de Corona Uribe 20 Lleida, 84986
30124446;Asunción;;Esteve;Salgado;3228682275;Cuesta de Lorena Gelabert 7 Puerta 7  Cádiz, 86196
84490679;Olimpia;Nazaret;Bonet;Ferrera;3264595236;Paseo Jose Antonio Seguí 60 Piso 0  Teruel, 61448
31797913;José Ángel;Yésica;Villaverde;Pedro;3210204435;Callejón de Cornelio Benitez 61 Madrid, 15213
67563715;Flavio;Bibiana;Uriarte;Tejedor;3389923278;Paseo de Rosenda Carnero 3 Lleida, 95850
51799484;Victorino;;Álvarez;Gallart;3669728024;C. Román Macías 875 Pontevedra, 60917
29803975;Alejandra;Diana;Valbuena;Delgado;3460108367;Cuesta de Guadalupe Ariza 185 Apt. 99  Sevilla, 72058
18278979;Delfina;Xavier;Nadal;Moraleda;3882179185;Pasadizo Teresita Escobar 92 Piso 5  Navarra, 65412
32342818;Amaro;;Prada;Amigó;3199624288;Plaza Plácido Segura 3 Albacete, 95783
55643878;Valero;Haroldo;Pagès;Puerta;3885921226;Pasaje Jovita Cortes 572 Piso 0  Palencia, 45001
16401494;Jesusa;Tecla;Daza;Marín;3970907663;Cañada Inocencio Berrocal 30 Lleida, 27474
76795808;Luis Miguel;Amílcar;Escolano;Catalán;3882935080;Glorieta Abraham Mendoza 6 Apt. 49  Huesca, 98370
11211064;Mar;;Almansa;Coello;3819150606;Pasadizo de Jerónimo Iglesias 29 Piso 7  Vizcaya, 12788
47725313;Dominga;Clímaco;Godoy;Portero;3545992430;Callejón de Apolonia Cortina 68 Piso 8  Segovia, 63055
67396604;Anselmo;;Morera;Expósito;3462632262;Calle de Úrsula Quintana 5 Ciudad, 73151
96253687;Salomón;;Cervantes;Leiva;3383872427;Glorieta Macario Nebot 89 Cádiz, 93195
16964183;Dorotea;Rosa María;Narváez;Escalona;3795919995;Pasadizo Jovita Sarmiento 6 Piso 1  Murcia, 68765
53915539;Ale;;Calzada;Portero;3491270594;Pasaje Efraín Monreal 8 Apt. 51  Asturias, 01793
13156015;Leonor;Tere;Nogueira;Talavera;3524179878;Plaza de Ciro Almeida 4 Ávila, 24284
51892316;Esther;;Blazquez;Valls;3160345986;Vial de Anastasia Millán 31 Jaén, 43722
15917809;Bautista;;Barrios;Escobar;3574839397;Acceso de Ruperto Sedano 7 Apt. 19  Teruel, 51571
75819207;Segismundo;Norberto;Peiró;Angulo;3602164574;Plaza Merche Díaz 5 Teruel, 42150
