24671080;Manu;Eliana;Acedo;Aranda;3931675201;Urbanización de Rafael Barco 108 Piso 8  Barcelona, 15937
73531969;Sigfrido;;Querol;Barberá;3172559749;Urbanización Azahar Luque 728 Soria, 34207
59064462;Alejandra;Roldán;Barreda;Baró;3293769879;Glorieta Flora Espinosa 57 Santa Cruz de Tenerife, 45808
87052772;Juanita;Hernán;Prat;Polo;3797857910;Plaza Rómulo Leon 5 Puerta 6  Santa Cruz de Tenerife, 40202
73501969;Benjamín;Milagros;Rivas;Gutierrez;3791748408;Paseo de Isabela Pujol 747 Puerta 2  Salamanca, 64727
63471628;Clímaco;;Morales;Álamo;3397830640;Cañada Eusebio Zabaleta 46 Puerta 5  La Coruña, 49654
72871605;Victoria;Coral;Contreras;Sans;3815049063;Via Febe Pla 64 Tarragona, 31766
88763879;Calixto;;Ariza;Acosta;3342177773;Alameda de Mercedes Llorens 3 Granada, 64999
17888865;Carlito;Bárbara;Ayala;Salamanca;3100587279;Paseo de Encarna Perelló 91 Apt. 62  Huesca, 49782
43975562;Valero;;Manso;Piñol;3522012615;Avenida Leoncio Bauzà 1 Puerta 7  Soria, 34405
55899043;Cristina;;Suarez;Esteve;3290959027;Avenida de Alcides Cepeda 339 Piso 5  Navarra, 03371
65807623;Ofelia;;Ariño;Albero;3217527959;Pasadizo Florentino Rozas 39 Murcia, 72893
68900649;Teresita;Ángela;Bustamante;Palomares;3181165370;Cañada Luisa Miranda 3 Apt. 65  Valencia, 59593
57432876;Sebastian;;Rodríguez;Pedrero;3726552398;Calle de Amado Solé 4 Apt. 43  Guadalajara, 03824
10313796;Renato;Yésica;Castelló;Castell;3762174906;Via de Mario Canet 144 La Rioja, 28865
52529570;Rico;Clarisa;Mariscal;Andreu;3442314880;Via Victoriano Solís 32 Apt. 67  Álava, 53532
52904562;Salud;Cebrián;Escribano;Zabaleta;3684305903;Pasaje Rolando Palomar 548 Puerta 4  Castellón, 87782
97891423;Conrado;;Aguilera;Valverde;3404304312;Camino Milagros Mancebo 33 Piso 6  Ciudad, 02829
92117567;Gala;Josefa;Taboada;Robles;3290156717;C. Anselmo Ríos 89 Apt. 52  Girona, 58272
11975817;Chita;;Andres;Galiano;3506829573;Acceso Paz Barberá 70 Piso 0  Jaén, 98965
77504086;Mar;;Beltrán;Asensio;3189725183;Acceso de Melania Diez 55 Piso 4  Jaén, 58704
68119001;Octavio;Aurora;Peláez;Trillo;3966577961;Paseo Adelaida Bernal 39 Apt. 32  Melilla, 62470
98470287;Paulina;;Gallardo;Cabezas;3835024183;Cuesta Adolfo Gimeno 88 Burgos, 64682
47053132;Luisa;Narciso;Roma;Barceló;3675229320;C. Jordán Anglada 83 Puerta 0  Granada, 47122
65494361;José Manuel;Trini;Céspedes;Frías;3665895457;Vial Felicidad Benavente 42 Apt. 16  Melilla, 79675
73375419;Elisa;;Zamora;Goñi;3918315694;Alameda de Vidal Lasa 734 Cáceres, 69470
76869398;Javier;Luz;Sala;Fabra;3900990042;Paseo Vilma Tejada 21 La Rioja, 41000
78896222;Pastor;;Espada;Pont;3327296398;C. de Fabiola Gutierrez 23 Apt. 70  Tarragona, 57144
18884256;Dorotea;;Rodrigo;Codina;3568873471;Rambla Mireia Arranz 83 Valencia, 77920
76305633;Dan;;Laguna;Bayona;3911691129;Via de Sol Ródenas 1 Apt. 63  Alicante, 66592
11320251;Susana;;Garzón;Leon;3843679217;Ronda Crescencia Carvajal 31 Apt. 09  Castellón, 32412
72339383;Juliana;Lorenza;Bauzà;Duque;3208807634;Ronda de Dolores Pozo 83 Piso 9  Salamanca, 75525
67631004;Adán;;Higueras;Diaz;3596300178;Pasaje de Artemio Peñas 31 Apt. 07  Navarra, 57038
93514575;Sol;;Guerrero;Álvarez;3938473603;Via Chita Alcaraz 65 Barcelona, 42533
90855540;Amando;Duilio;Villa;Jara;3648924635;Camino Luis Ángel Tenorio 65 Apt. 74  Huesca, 21502
41317742;Urbano;;Barriga;Calderón;3887270249;Camino de Candelario Anaya 98 Pontevedra, 26479
49178640;Segismundo;Cayetano;Fernandez;Raya;3577108487;Pasadizo Teresita Iglesias 24 Sevilla, 80347
28587538;Rosa María;Octavio;Palmer;Barral;3804334969;Acceso de Adán Planas 362 Vizcaya, 02201
68460703;Abilio;Sandalio;Castells;Antúnez;3471398546;Calle de Rosenda Barco 95 Piso 3  Navarra, 63634
53551825;Jose Ignacio;Lidia;Llamas;Gordillo;3360628835;Alameda de Alex Bas 7 Cuenca, 43684
90188180;Benigno;;Amorós;Manzanares;3365747159;C. Macaria Alberola 61 La Coruña, 52939
59232397;Belen;Lina;Tovar;Martínez;3260886683;Vial de Remigio Nuñez 31 Córdoba, 70049
81658326;Leandra;;Villaverde;Arévalo;3562113789;Avenida Glauco Vilanova 877 Puerta 9  Cáceres, 37080
16539112;Germán;Vilma;Plaza;Dueñas;3678688507;Urbanización Marisa Julián 27 Las Palmas, 51704
43930641;Eleuterio;;Badía;Vilar;3190338577;Ronda de Francisco Javier Calvo 83 Cantabria, 53021
95098875;Augusto;Delfina;Borrego;Varela;3972061555;Urbanización Lidia Ricart 59 Navarra, 58462
56290766;Candela;Estrella;Acero;Navarro;3476912292;Plaza de Federico Marin 1 Teruel, 43879
48401070;Ruy;Gloria;Carrillo;Heredia;3271183501;C. de Clementina Tomás 96 Puerta 9  Sevilla, 28976
95696511;Reyna;Juanita;Grande;Losada;3861837138;Cañada de Sosimo Vallejo 425 Navarra, 56745
11827933;Joel;Geraldo;Frías;Aller;3341625935;Acceso de Poncio Aparicio 79 Puerta 0  Córdoba, 64816
98457493;Ale;;Ripoll;Teruel;3853176694;Ronda Estela Calderón 42 Piso 0  Albacete, 58591
27545804;Jesusa;Charo;Santiago;Briones;3535080316;Rambla Corona Barberá 66 Puerta 2  Lugo, 96610
28165055;Fortunata;;Múñiz;Morera;3754947408;Cuesta Cebrián Giralt 97 Ciudad, 16279
36444233;Octavio;;Galan;Borja;3799517089;Glorieta Victoriano Cañellas 670 Apt. 50  Ciudad, 97676
73353018;Cayetana;;Rincón;Codina;3599631739;Pasaje de Calisto Robles 45 La Coruña, 68276
66900909;Celestina;;Carnero;Luís;3811466324;Cuesta María Sánchez 991 Apt. 90  Cáceres, 95621
65653625;Azeneth;;Pintor;Prada;3531255493;Rambla Arturo Sebastián 17 Piso 6  Ávila, 66797
31115230;Modesta;;Sánchez;Riera;3185935244;Callejón Felipe Iniesta 1 La Rioja, 33906
41682942;Arcelia;;Morillo;Plana;3721810697;Acceso de Juan Manuel Salinas 83 Vizcaya, 16899
91856779;Noelia;;Casado;Fuente;3253916407;Cañada Ildefonso Rodrigo 16 Madrid, 56908
31354879;Nuria;Nico;Bejarano;Alcaraz;3167414919;Cañada Fabio Calvet 17 Cantabria, 10303
73187168;Evangelina;;Rosado;Salcedo;3145971595;Cañada Enrique Alberto 751 Puerta 7  La Coruña, 94185
21764739;Ruth;Maribel;Real;Matas;3461151225;Camino de Ramón Moll 11 Piso 6  Guipúzcoa, 93445
73974014;Ezequiel;Ezequiel;Ledesma;Jáuregui;3900570004;Camino Roldán Llobet 56 Puerta 0  Girona, 09645
26579117;Dani;;Guardia;Olivé;3309878076;C. Elvira Arnaiz 152 Jaén, 32801
74948645;Ramona;Jose Ramón;Pujol;Raya;3473867134;C. de Salud Villaverde 7 Puerta 8  Albacete, 86382
64147579;Efraín;Úrsula;Lara;Rios;3589112580;Cuesta Arsenio Barranco 20 Puerta 7  Alicante, 14068
42078464;María Pilar;;Hernandez;Gargallo;3133787104;Via Imelda Beltrán 44 Puerta 7  Jaén, 28135
12607314;Remigio;;Mena;López;3492281376;Alameda de Martin Zapata 62 Apt. 68  Ciudad, 27063
51938393;Isaac;Julie;Fuente;Tejada;3634734154;Vial de Mauricio Ramis 1 Cádiz, 50147
37007750;Dolores;Olga;Ferrero;Merino;3836186296;Callejón de Lupe Cámara 98 Puerta 8  Lugo, 30165
10226393;Diana;Venceslás;Barros;Gimeno;3895248148;Acceso de Aránzazu Castellanos 7 Cuenca, 05517
10804967;Mónica;María Ángeles;Leiva;Isern;3414162010;Plaza Julieta Comas 933 Madrid, 01784
77917196;Leyre;;Artigas;Leal;3731103952;Paseo de Griselda Báez 28 La Rioja, 79551
75631476;Eusebio;;Juárez;Gutierrez;3528036763;Acceso Sofía Álamo 9 Guipúzcoa, 86974
95775286;Josefa;;Maldonado;Monreal;3276655547;Alameda Iker Ariño 76 Apt. 41  Málaga, 41703
48096315;Roque;Flavia;Cáceres;Castro;3661540798;Rambla Luís Gelabert 2 Apt. 80  Ceuta, 82073
30334989;María Del Carmen;;Torrens;Toledo;3828130034;Alameda de Luz Pereira 16 Pontevedra, 16764
32946702;Teodoro;;Ugarte;Amigó;3140932829;Callejón de Mar Chaves 46 Lleida, 04374
22640746;César;;Almagro;Rico;3624848617;Rambla Camila Llamas 52 Puerta 1  Ciudad, 26454
38919139;Paca;;Campos;Alvarado;3177281991;Vial Anastasio Jove 87 Apt. 20  Soria, 94372
13361308;Loreto;Sofía;Aragón;Ramírez;3129809103;Plaza de Alfredo Diego 79 Toledo, 36770
95319802;Estefanía;Pía;Ricart;Noguera;3811847640;Glorieta de Valentina Osuna 2 Puerta 3  Cáceres, 44371
42592925;Maximino;Alfonso;Capdevila;Iriarte;3178094669;Via de Cándido Pineda 82 Piso 1  Almería, 51066
75092486;Lucía;;Díez;Villalonga;3701242515;Calle Sol Vallejo 119 Barcelona, 77754
80810193;Elías;Álvaro;Vergara;Peñalver;3600177321;Pasadizo José Vicens 16 Guadalajara, 20889
82633295;María Cristina;;Bayón;Dalmau;3276841651;Via Ignacio Arnal 65 La Coruña, 41819
29374978;Marcela;;Miró;Páez;3171429688;Acceso Rosalía Barco 95 Guipúzcoa, 83305
23105141;Jenaro;;Coello;Baena;3923490816;Glorieta Albina Acosta 1 Apt. 75  Guipúzcoa, 03211
60415409;Edu;Jesusa;Rebollo;Carpio;3597709833;Plaza de Nico Quintanilla 33 Valencia, 78836
84227070;Carmela;;Sarabia;Gimenez;3128447029;Pasaje de Calista Oller 489 Cuenca, 77582
32148682;Juan Bautista;;Arnau;Carro;3817847811;Avenida Saturnina Vara 663 Apt. 29  Ciudad, 93374
44381316;Alejandro;;Grande;Plaza;3946324687;Via de Carmelita Infante 1 Puerta 1  Las Palmas, 14557
10488754;Amado;Segismundo;Giner;Escolano;3798140033;Paseo Isabel Maldonado 9 Santa Cruz de Tenerife, 16135
98807491;Santiago;Maxi;Ortuño;Fernández;3929679304;C. Francisco Hernandez 21 Apt. 12  Navarra, 30390
71776709;Serafina;Magdalena;Criado;Mariscal;3694954328;Alameda de Salud Carnero 94 Granada, 07327
59842098;Encarnación;;Anguita;Solano;3518458795;Glorieta de Azucena Bermejo 87 Apt. 43  Zamora, 09237
77342840;Reyes;;Diez;Rubio;3877549369;Avenida Rosario Mata 506 Teruel, 86702
32277615;Teófila;Jesús;Borrego;Merino;3825769548;Glorieta de Gustavo Juan 88 Piso 0  Huelva, 97726
45438682;Ignacia;;Baños;Recio;3556293518;Pasadizo de Godofredo Castejón 58 Puerta 6  Badajoz, 01301
49548016;Edgardo;Custodio;Cazorla;Montserrat;3678221688;Calle Toribio Pedrosa 737 Teruel, 12707
87901239;Selena;Roberta;Gisbert;Viñas;3741697072;Callejón Telmo Montenegro 63 Puerta 5  Cuenca, 06315
20578166;Telmo;Abilio;Aller;Ayuso;3904506544;Cañada Rosendo Hervás 84 Apt. 94  Segovia, 12222
30319405;Adán;Piedad;Villa;Pallarès;3785098501;Pasadizo Isaura Torrens 65 Cantabria, 94441
96934895;Matías;;Morales;Benavent;3177579996;Callejón de Cebrián Pacheco 3 Jaén, 69454
35288138;Trinidad;;Mate;Samper;3640743921;Glorieta Emilio Leal 188 La Coruña, 45416
60859139;Matías;Paulina;Prat;Oller;3480587874;Vial de Abigaíl Marcos 80 Guadalajara, 09725
37389723;Amancio;Lorenza;Calzada;Morales;3671337241;Glorieta Federico Ferrándiz 5 La Rioja, 12900
26302240;Florinda;;Mas;Pelayo;3891195735;Vial Luciano Requena 50 Navarra, 32468
21455212;Ciro;;Olmedo;Chaparro;3403554272;Alameda de Duilio Méndez 1 Apt. 18  Girona, 19782
47908179;Victoriano;;Rebollo;Cañizares;3550358381;Avenida de Primitivo Marin 99 Toledo, 04912
18422677;Nydia;Nicolasa;Vera;Serna;3111374559;C. de José Manuel García 8 Piso 2  Valencia, 73920
45568604;Amada;Aurelia;Gallart;Abascal;3291753907;Vial de Catalina Sobrino 80 Zaragoza, 36785
91622231;Ignacio;Ildefonso;Neira;Carrera;3535544457;Glorieta de Edu Egea 74 Almería, 24690
80813825;Nerea;;Iglesias;Martí;3957268991;Vial Glauco Lladó 64 Ourense, 14554
34012645;Evelia;Pilar;Herrero;Rosa;3370907246;Camino Victorino Pazos 93 Apt. 98  Ciudad, 16161
75702987;José Mari;;López;Mayo;3213615411;Pasadizo Ildefonso Portillo 3 Cádiz, 47564
95333838;Severiano;;Cortina;Posada;3194499513;Alameda Cleto Gras 70 Ceuta, 50353
78471994;Pepe;María Manuela;Jordá;Oliveras;3809115691;Rambla Heraclio Tormo 48 Soria, 21453
30114744;Buenaventura;Gabriel;Sáez;Palmer;3406415826;Rambla de Nando Sanchez 75 Apt. 91  Sevilla, 79196
49692349;Encarnacion;;Molina;Serrano;3591215216;Ronda de Julie Cazorla 276 León, 36841
74025532;Isaura;;Saavedra;Noguera;3207369881;Vial de Rosario Valenzuela 34 Melilla, 77560
26587038;Aránzazu;Reynaldo;Campo;Cañellas;3518935148;Alameda de Ofelia Núñez 26 Apt. 26  Huelva, 58975
15339025;Clímaco;María Manuela;Plaza;Ricart;3686685908;Plaza Martin Verdejo 2 Apt. 14  Asturias, 99642
22158323;Anita;;Mulet;Iñiguez;3770808907;Calle Anunciación Azorin 69 Piso 9  Teruel, 61374
52137089;Micaela;;Muñoz;Gallo;3168841726;Pasaje Eugenio Juan 72 Apt. 61  Navarra, 36324
88357716;Marco;;Ramos;Garmendia;3406220535;Plaza de María Ángeles Gimeno 981 Piso 6  Las Palmas, 65798
92792049;Marita;;Barranco;Montes;3464833696;Rambla Silvestre Bautista 98 Puerta 8  Sevilla, 91797
53647552;Timoteo;Edelmiro;Saez;Nogueira;3423814268;Glorieta de Teobaldo Fuentes 3 Piso 0  Córdoba, 29468
36386086;Graciela;Selena;Segarra;Palmer;3461254475;Alameda Carlota Villalba 20 Puerta 5  La Rioja, 18450
86720230;Berto;;Sáez;Romero;3709056941;Ronda de Caridad Diéguez 251 Granada, 51425
26597205;Olimpia;;Gonzalez;Piquer;3475090269;Rambla Julio César Ricart 4 Murcia, 49310
21679514;Gaspar;Diana;Pozuelo;Ferrando;3203833956;Ronda Jose Ramón Arce 7 Melilla, 40885
13423935;Bernarda;Rosalina;Ruiz;Manso;3727658777;Avenida Ariel Alarcón 26 Piso 0  Cáceres, 86070
59383023;Gisela;;Casanova;Pol;3854430268;Via de Luna Vargas 76 Apt. 67  Zaragoza, 17240
25334579;Melchor;Leonardo;Haro;Vidal;3842395850;Plaza de Patricia Santiago 75 Apt. 48  Zaragoza, 12235
69566892;Marcial;;Tomé;Carnero;3473851135;C. de Lola Alberola 936 Puerta 5  Barcelona, 91295
64101667;Lupita;Miguel;Salmerón;Egea;3920316262;Calle Eusebia Sánchez 9 Alicante, 21537
98121155;Marc;;Botella;Estévez;3980833828;Ronda Reyes Galiano 25 Palencia, 25959
20517826;Aitana;Fernanda;Salazar;Fiol;3707342576;Ronda de Gloria Crespo 52 Badajoz, 71778
96024335;Íñigo;Pío;Jódar;Marco;3766872771;Acceso de Amílcar Córdoba 624 Puerta 8  Granada, 25313
64690893;Amparo;Violeta;Lluch;Iriarte;3611541378;C. Cristian Camacho 940 Ciudad, 72329
93074732;Oriana;;Jaume;Barberá;3909343893;Rambla Ildefonso Rocha 858 Puerta 0  Ciudad, 54416
48794825;Amanda;Lino;Bonilla;Andrade;3385519231;Calle Elba Varela 640 Apt. 81  Huelva, 84162
75008308;Santiago;;Llano;Torres;3607599222;C. de Santiago Andrade 52 Ourense, 87809
57146152;Felisa;;Arias;Salvà;3963444920;Glorieta de Lola Guijarro 18 Puerta 7  Baleares, 11718
99382537;Marcia;Isabel;Ugarte;Toro;3413261147;Cuesta Pepita Bolaños 78 Segovia, 14895
92801432;Sabina;;Gomez;Alsina;3363670345;Alameda Quirino Hurtado 22 Murcia, 08663
14498842;Sarita;;Batlle;Paredes;3557498061;Pasaje de Jonatan Ferrándiz 84 Lleida, 80687
71366530;Ana Sofía;;Uribe;Enríquez;3506690783;C. Jose Miguel Saavedra 9 Puerta 2  León, 13001
65205763;Heliodoro;Cayetano;Miró;Pallarès;3566862410;Pasaje Domingo Barranco 71 Piso 8  Cádiz, 10488
24603903;Ana Belén;;Alcalde;Rojas;3989314758;Callejón de Gaspar Pla 479 Castellón, 83067
64265555;Inmaculada;Roque;Manzanares;Macías;3918027635;Calle Candelaria Batalla 935 Teruel, 29161
31082672;Francisco;Ángel;Leal;Cueto;3923135375;Vial de Juan Pablo Franch 19 Puerta 3  Asturias, 46625
44981055;Abril;;Otero;Parra;3581513338;Glorieta Joaquín Vilar 4 Guipúzcoa, 67908
96769733;Pastor;María Luisa;Quero;Piquer;3952854878;Cañada Marcela Jara 836 Puerta 4  Cantabria, 68698
36025468;Raquel;;Campos;Cabeza;3234740832;Cañada de Belén Colomer 31 Ceuta, 20886
66708777;Marcia;Ágata;Oliveras;Baena;3205589883;Avenida de Estrella Narváez 9 Ourense, 69755
44118554;Sandalio;Camila;Torrens;Oliveras;3311993637;Alameda de Leandra Río 65 Soria, 26171
41502429;Isa;Simón;Santana;Rey;3226897107;Avenida Eustaquio Alegria 12 Ávila, 28197
21484177;María Del Carmen;Hernando;Teruel;Varela;3580979146;Alameda de Clemente Reina 71 Vizcaya, 74243
26606875;Evita;;Carro;Palma;3351429468;Calle Nieves Galiano 748 Córdoba, 24790
87245840;Nicolasa;;Villalonga;Manjón;3199118431;Urbanización Fidel Mayoral 470 Toledo, 68957
45085983;Ismael;Luna;Pineda;Rios;3729303468;Paseo de Casandra Fabregat 4 Piso 4  Ceuta, 78394
79835835;Isaura;Zoraida;Alfonso;Río;3624678399;Pasaje de Ezequiel Uribe 56 Puerta 8  Cantabria, 54091
62572471;Amaro;Ricardo;Anguita;Rueda;3486379574;Ronda Severo Cuéllar 55 Lugo, 74793
42626645;Tania;Lucila;Gibert;Angulo;3577075799;Paseo de Felisa Rocha 23 Cáceres, 21251
98059600;Raimundo;Micaela;Hierro;Borja;3222275425;Plaza Pepe Cid 86 Santa Cruz de Tenerife, 38029
83870023;Gabino;;Fajardo;Criado;3256486306;Cuesta Elías Almazán 67 Murcia, 33834
76367400;Chucho;Rufino;Falcón;Llorente;3601223191;C. Eladio Alcaraz 58 Guadalajara, 59301
57675038;Chelo;;Gabaldón;Lasa;3290153471;Rambla de Remedios Narváez 618 Valencia, 20392
89134517;Eligio;Ezequiel;Pacheco;Cantero;3120452391;Rambla de Ismael Valencia 12 Cádiz, 79049
54820670;Ildefonso;Amado;Chaparro;Llorente;3135896787;Callejón Modesta Gargallo 40 Piso 3  Melilla, 21702
70439251;Perlita;Eric;Suárez;Baeza;3899764755;Cuesta de Jesusa Leiva 222 Badajoz, 65284
66906646;Horacio;;Castillo;Valenciano;3261966784;Alameda de Heriberto Herranz 13 Toledo, 51050
75417142;Pastor;;Haro;Arrieta;3560831849;Calle de Amparo Armengol 97 Puerta 4  Valladolid, 40711
97850938;Edmundo;;Alcalde;Bernal;3879820813;Calle de Vicente Solera 13 Puerta 7  Las Palmas, 71033
84652213;Nayara;;Perea;Trillo;3261463911;Plaza Adán Torres 22 Málaga, 36724
92379045;Emilio;;Alarcón;Gallardo;3661151419;Alameda de Mayte Cabañas 5 Toledo, 29894
48440553;Jose Carlos;;Piñeiro;Ibañez;3154427407;Acceso de Maura Crespi 40 Las Palmas, 59914
94567108;Santiago;;Palau;Espada;3502844556;Acceso de Jeremías Rivas 63 Cuenca, 64153
92426237;Wálter;Arturo;Vicente;Franco;3316705616;Glorieta Hernando Roma 27 Puerta 5  Cáceres, 66383
73919086;Hector;;Vargas;Zamorano;3267838665;Alameda de Horacio Adadia 82 Piso 7  Zamora, 07065
52894036;Telmo;Hugo;Artigas;Castells;3806344349;Plaza Rosalva Agustín 71 Álava, 14830
51391052;Gala;Alejandro;Tur;Llanos;3300061773;Camino Esther Cortés 114 La Coruña, 36894
97056601;Visitación;Yaiza;Poza;Lucena;3713311036;Vial Rebeca Laguna 75 Málaga, 41340
78995066;Dionisia;Lorenzo;Ferreras;Ledesma;3122645996;Via Oriana Calvo 320 Apt. 24  Lugo, 49387
90468947;Sigfrido;Ámbar;Torrent;Guijarro;3336005299;Cañada Jeremías Rocha 42 Puerta 9  Teruel, 00231
38956330;Reinaldo;;Crespo;Naranjo;3551695801;Urbanización Maribel Barriga 701 Piso 7  Ciudad, 29623
74534213;Gonzalo;Ciro;Velázquez;Mata;3802855874;Plaza Maura Carbajo 27 Piso 3  Ceuta, 42627
44501933;Ramón;;Montenegro;Santamaría;3411541559;Via Pancho Salvador 42 Ceuta, 77911
48509276;Isidoro;Vicenta;Monreal;Soler;3318685143;Urbanización de Domitila Marco 513 Asturias, 08182
40003488;Gaspar;Quirino;Sarmiento;Silva;3430872900;Pasadizo Celestino Exposito 32 Apt. 05  Asturias, 22083
83633283;Reyes;;Ureña;Codina;3858562680;Cañada de Eliseo Bernat 9 Puerta 6  Guadalajara, 05724
90850928;Chucho;;Goicoechea;Royo;3438722353;Cañada Norberto Segovia 985 Puerta 3  La Coruña, 19786
15787800;Hermenegildo;Georgina;Varela;Córdoba;3635721540;Pasadizo de Anabel Bilbao 725 Lugo, 38579
22262938;Patricio;;Álamo;Figueras;3600653684;Urbanización Herminio Borrás 3 Almería, 58432
72671137;Cipriano;;Mir;Porcel;3117455459;Pasaje de Rufina Ros 1 Apt. 50  La Coruña, 53034
81573571;Micaela;;Casanovas;Jordá;3333674633;Via de Tiburcio Portillo 18 Zamora, 97157
90185282;Álvaro;;Feijoo;Poza;3139792359;Urbanización Lucila Cid 6 Apt. 93  Ávila, 43810
59605831;Patricia;;Tejero;Ponce;3177218334;Ronda José Antonio Roldán 67 Castellón, 73700
67041778;Dulce;Aitor;Castañeda;Girona;3230380409;Plaza de Anita Moraleda 94 Córdoba, 50443
93366145;Angélica;Gloria;Quiroga;Arnal;3340680153;Urbanización Brunilda Escalona 126 Murcia, 02651
87883038;Sabas;Pánfilo;Pinto;Marí;3741407521;Acceso de Saturnino Muro 33 Puerta 8  Guipúzcoa, 29858
13731954;Reyes;Florencia;Esteban;Mata;3262493930;Cuesta de Cosme Molins 3 Huesca, 58804
78486399;Mirta;Isidora;Anguita;Coronado;3546761080;Ronda de Dan Mendizábal 8 Lleida, 70014
19684002;América;;Quevedo;Gallego;3438422363;Via Fátima Mora 58 Melilla, 76733
32584758;Nerea;María Jesús;Martin;Lastra;3734980352;Via de Zaira Baquero 19 Tarragona, 83828
77936448;Saturnina;Loreto;Mateo;Lerma;3587201612;Ronda de Cruz Tena 92 Melilla, 05759
95726526;Hugo;;Gárate;Pi;3630747089;Urbanización Eusebio Grande 1 Apt. 58  Palencia, 44600
29616087;Javi;;Bernad;Gomez;3352150546;Callejón de Ernesto Querol 6 Guipúzcoa, 46555
20420446;Alexandra;Emigdio;Cantero;Piñeiro;3262968850;Rambla Lucas Gimenez 38 Apt. 09  Valencia, 80798
49479339;Leandro;;Garmendia;Roman;3753426026;Calle de Aroa Núñez 98 Apt. 94  Granada, 54469
73028721;Olegario;Ale;Roselló;Acevedo;3157499287;C. de Lope Tormo 39 Puerta 3  Cádiz, 74494
83434125;Manu;;Camino;Flores;3794160546;Cañada de Herminio Esparza 84 Valladolid, 83204
18772105;Imelda;;Amat;Casas;3478202557;Avenida Conrado Mendoza 741 Piso 0  Baleares, 41464
20890951;Consuela;;Saez;Ribes;3295825413;Cuesta de Alejo Mate 37 Puerta 6  Cádiz, 72569
96619433;Paulino;;Parra;Diez;3442214125;Cuesta de Maxi Gelabert 58 Apt. 98  Guipúzcoa, 07158
14127071;Calista;Josep;Gutierrez;Viana;3343042303;Vial de Julieta Gallardo 13 Sevilla, 39813
47532707;Pedro;;Recio;Jiménez;3337016358;Pasaje Saturnina Rosado 569 Puerta 3  Castellón, 79549
36660842;Adriana;;Carreras;Vives;3961054653;Pasaje de Yago Samper 234 Piso 8  Castellón, 83999
72708478;Judith;Alonso;Sastre;Roca;3661611932;Vial Amelia Pereira 78 Puerta 8  Burgos, 14853
40097562;Victor Manuel;;Campos;Peláez;3537111590;Ronda de Bernarda Español 383 Castellón, 50918
18510481;Severo;Ángel;Carmona;Álvarez;3290564600;Ronda Soledad Luz 11 Apt. 75  Granada, 93138
35097937;Buenaventura;;Domingo;Herrera;3348315953;Alameda Demetrio Rocamora 90 Piso 5  Salamanca, 81987
45517996;Anunciación;;Borrell;Nadal;3160799690;Avenida de Vinicio Calleja 98 Madrid, 24340
97500665;Natalia;;Amorós;Arco;3915014172;Cuesta Luis Ángel Salamanca 25 Puerta 9  La Coruña, 16761
22841161;Felicidad;Miriam;Morell;Palau;3779358778;Rambla Eugenia Riba 15 Almería, 47711
19898979;Geraldo;;Miranda;Iglesia;3851166479;Plaza de Fausto Pablo 75 Valladolid, 84024
99239324;Cloe;;Belda;Diego;3955172159;Rambla Ernesto Torralba 7 Apt. 70  Granada, 69928
40371978;Yésica;Rosa;Cañete;Colomer;3696560011;Cuesta Violeta Farré 48 León, 54683
33197960;Milagros;;Toro;Fuente;3293777923;Via Irma Nicolau 70 Apt. 42  Salamanca, 32571
54917025;Borja;;Catalá;Gual;3796021830;Via de Constanza Ureña 126 Puerta 5  Burgos, 43676
11407392;Vicente;;Rueda;Garcés;3242073197;Avenida de Leopoldo Dávila 21 Málaga, 69509
29175840;Wilfredo;;Cantón;Vallés;3591975692;Ronda de Julia Lobo 16 Apt. 69  Badajoz, 34476
18321669;Teobaldo;Eloísa;Muñoz;Ojeda;3632938299;Pasaje Inmaculada Prieto 34 Granada, 61120
89350126;Brígida;Benigna;Rivero;Cañizares;3142597270;Camino Gisela Valenciano 9 Puerta 3  Pontevedra, 85908
43766203;Fabiana;;Mas;Garzón;3889058252;Callejón de Edmundo Llamas 10 Zaragoza, 05990
90074381;Loida;Bonifacio;Alemany;Osuna;3164148712;Paseo de Ascensión Galván 930 Cantabria, 88747
63708345;Juanito;José Mari;Checa;Sosa;3758979454;Callejón de Hector Sandoval 3 Cuenca, 04516
96803020;Edgardo;;Ortega;Bello;3656259274;Acceso de Bonifacio Roselló 454 Apt. 46  Lleida, 62918
87976611;Juan;;Hoz;Buendía;3304106067;C. de Florentino Marti 467 Apt. 32  Ávila, 50310
99191740;Faustino;Desiderio;Gargallo;Mur;3730659603;Callejón Ágata Quesada 42 Piso 8  Navarra, 79126
21465615;Chus;;Ordóñez;Ropero;3989978748;Glorieta de Luis Ángel Salamanca 27 Apt. 33  Albacete, 37267
53556359;Almudena;;Roca;Ponce;3973476588;Pasadizo de Roberto Alvarez 10 Huesca, 89922
95045828;Almudena;Cosme;Barrena;Abad;3813872000;Cuesta de Sancho Vallés 28 Las Palmas, 36618
38848889;Cristóbal;;Porcel;Castro;3642973300;Pasadizo de Corona Santamaría 97 Piso 7  Tarragona, 35043
45010340;Ramona;Ciríaco;Requena;Mas;3285571867;Via de Chus Manuel 30 Piso 2  Cuenca, 31322
61211250;Purificación;Cebrián;Solsona;Fábregas;3549960813;Avenida Amílcar Barragán 9 Santa Cruz de Tenerife, 77713
77712727;Rosa María;Anastasia;Mayo;Francisco;3950687188;Callejón Eugenio Malo 4 Puerta 3  Valladolid, 25214
