906229125;Néstor;Roxana;Cánovas;3492709240;C. de Julie Águila 621 Puerta 3  Segovia, 22168;800;54;170
931090808;Evangelina;;Ferrández;3728855152;Camino Iker Buendía 2 Alicante, 31383;250;5;170
965944028;Guiomar;Macario;Moya;3521892781;Plaza Fabio Meléndez 25 Tarragona, 06833;646;15;170
940233923;Leopoldo;;Álvarez;3847646007;Urbanización Delia Portillo 46 Soria, 19316;612;25;170
973490615;Yolanda;Vicente;Otero;3573313833;Alameda de Dulce Pacheco 98 Huesca, 18534;325;15;170
919746795;Haroldo;;Villena;3315265118;Paseo Florinda Blanch 53 Palencia, 69017;777;97;170
927966707;Jesús;Pedro;Torrijos;3108279841;Rambla Teodosio Iglesia 90 Granada, 18809;100;19;170
993861101;Cipriano;Adalberto;Morales;3238032878;Vial de Adrián Sáez 616 Puerta 1  Álava, 22426;513;17;170
978530395;Leopoldo;Milagros;Dueñas;3564897447;Urbanización de Nilo Fernandez 32 Apt. 24  La Rioja, 89429;763;15;170
993388700;Daniela;;Molina;3639947756;Plaza de Amílcar Morales 23 Alicante, 84189;206;41;170
939962893;Teodosio;Belen;Bermúdez;3343769198;Alameda Mónica Bueno 28 Piso 5  Cádiz, 34227;307;25;170
939551224;Edmundo;;Puente;3411875866;Plaza Anunciación Cordero 96 Apt. 21  Girona, 54307;51;52;170
934466870;Olalla;Flavio;Salmerón;3923538690;Glorieta de Natanael Gascón 77 La Rioja, 90786;45;5;170
921392548;Irma;;Fajardo;3335164000;Pasaje de Leoncio Santamaria 431 Apt. 93  Segovia, 07883;318;5;170
934158594;Raquel;Dalila;Ribera;3238810021;Ronda Amparo Barragán 588 Puerta 0  Pontevedra, 98888;755;68;170
972751550;Paz;;Boix;3926032618;Paseo Maura Sanchez 772 Granada, 17815;11;11;170
947556227;Nicolasa;;Tudela;3417471569;Alameda Loida Sánchez 29 Apt. 41  Toledo, 42130;660;47;170
907969920;Verónica;;Gisbert;3478871247;Rambla Valentín Águila 47 Apt. 11  Soria, 92734;501;5;170
948229554;Andrés;;Cueto;3250003311;Urbanización Georgina Gibert 666 Puerta 7  Cáceres, 75719;520;73;170
903737346;Hilario;;Almansa;3309550991;Acceso Candelas Conde 6 Apt. 69  Vizcaya, 35253;678;73;170
926949446;Agustina;Vilma;Nogueira;3881677098;Alameda de Ale Torralba 13 Apt. 53  Ávila, 48493;425;68;170
997241396;Valentín;;Puente;3601625394;Urbanización Calisto Ávila 12 Puerta 0  Baleares, 33981;94;18;170
938116476;Josefa;Rodolfo;Trujillo;3772167707;C. Custodia España 49 Apt. 89  Valencia, 26574;168;23;170
980665482;Maura;;Guerra;3341301803;Cuesta Marta Vidal 31 Valencia, 14745;600;13;170
967985232;Paulina;Gabriela;Calleja;3428454199;C. de Evelia Bartolomé 918 Apt. 03  Zamora, 25653;67;73;170
985292932;Antonia;Quique;Antúnez;3453305646;Plaza de Perlita Alsina 5 Ciudad, 08451;147;76;170
987789369;Berta;Odalys;Soto;3906969628;Via de Natividad Zorrilla 62 Piso 9  Almería, 07732;863;76;170
934494774;Luciana;;Duran;3195794977;Vial de Toño Carnero 6 Piso 6  Málaga, 74241;15;11;170
916643674;Azeneth;;Crespo;3420960282;Ronda Aurelio Fuente 838 Piso 7  Ávila, 43871;160;13;170
926562656;Raimundo;;Segarra;3206235412;Rambla de Casemiro Corbacho 1 Apt. 46  Cantabria, 25832;820;54;170
983017087;Margarita;;Mercader;3905501202;Plaza Camilo Pulido 2 Las Palmas, 74398;223;15;170
923829710;Luis Miguel;Emiliana;Pintor;3664476292;Via Inés Pou 94 Piso 6  Zamora, 68599;9;11;170
911446729;Catalina;;Bello;3845552068;Calle de Emiliano Gallo 808 Guadalajara, 82877;665;5;170
904257431;Natalio;;Salcedo;3660445486;Plaza de Álvaro Armengol 61 Puerta 4  Zamora, 22967;867;68;170
907080640;Sofía;;Abril;3793974813;Paseo de Juan Manuel Hervás 399 Almería, 66860;740;25;170
981591257;Oriana;Demetrio;Padilla;3707446739;Pasadizo Nacio Múgica 507 Cádiz, 70226;79;68;170
916184396;Armida;Silvio;Palmer;3211191766;Vial de Joel Ordóñez 43 Puerta 6  Melilla, 47499;476;15;170
949519868;Georgina;;Villalba;3289998893;Paseo de Estefanía Larrañaga 612 Jaén, 89524;653;25;170
917037622;Juanita;Dolores;Diego;3995045405;Urbanización de Che Escamilla 21 Piso 2  Toledo, 48154;817;25;170
928801443;Maristela;;Miró;3968587749;Glorieta Amarilis Quintanilla 5 Puerta 9  Ávila, 43029;479;18;170
934529850;Hector;Marianela;Pineda;3954667240;Glorieta de Julio César Cabo 56 Puerta 2  Castellón, 00539;347;5;170
958965635;Tadeo;Cruz;Quiroga;3738795349;Acceso Malena Arribas 66 Cádiz, 93079;548;19;170
917530568;Ani;Macarena;Amaya;3823796719;Urbanización de Leonardo Carrera 854 Badajoz, 38916;535;25;170
993870759;Moreno;Leire;Sotelo;3859258340;Plaza de Jafet Miró 26 Guipúzcoa, 36980;814;15;170
936400695;Merche;Leyre;Reguera;3673830799;Vial Tristán Rincón 8 Piso 5  Alicante, 45123;745;68;170
907333655;Sandalio;Cebrián;Carbó;3559892586;Paseo Leocadio Esteban 19 Piso 5  Ceuta, 72123;86;25;170
914126847;Viviana;Bautista;Frutos;3498288543;Vial Lorenzo Cerro 73 Barcelona, 58780;313;5;170
964690917;Plácido;Camilo;Fortuny;3307429046;Paseo de Marcio Alcalde 545 Guadalajara, 17437;288;47;170
985535217;Atilio;;Franco;3566664058;Pasadizo Magdalena Barón 5 Zaragoza, 45141;129;5;170
942777285;Enrique;;Coello;3973554412;Alameda Rosalva Marti 43 Apt. 93  Granada, 88529;686;50;170
932842013;Felipa;Manuela;Ramos;3922392547;Plaza Ildefonso Alcázar 9 Puerta 5  Alicante, 56780;573;19;170
900728176;Edu;Eustaquio;Maza;3660077479;Plaza Demetrio Parra 101 Teruel, 81432;141;8;170
912127067;Julieta;Selena;Peral;3934194348;Calle Melania Iglesias 70 Lugo, 47240;740;25;170
972261091;Ceferino;;Galan;3596881829;Cuesta de Jose Luis Pardo 55 Puerta 6  Álava, 13774;841;25;170
969236392;Matías;Julia;Goicoechea;3126222483;Plaza de Ainara Llorens 99 Ciudad, 11106;658;25;170
982793925;Roberto;Jose;Sosa;3155049041;Cañada de Eliana Montserrat 74 Apt. 40  Guipúzcoa, 64308;686;68;170
970660138;Heliodoro;Clímaco;Rovira;3565410899;Paseo de Fabiana Rozas 97 Teruel, 45817;495;17;170
998290061;Encarnacion;Gerardo;Llobet;3524824548;Urbanización de César Catalá 14 Puerta 1  Navarra, 55089;513;17;170
958026715;Lucio;Evelia;Amat;3390068302;Camino Piedad Ferrán 42 Apt. 37  Vizcaya, 33709;473;52;170
962087239;Jose Manuel;;Salvà;3582277598;Glorieta Anselma Toro 3 Vizcaya, 59183;217;73;170
970121374;Lisandro;Chema;Márquez;3747890703;Pasaje de Marc Izaguirre 269 Piso 9  Salamanca, 14280;307;25;170
984938276;Hipólito;;Zamorano;3295604817;Cañada Dafne Mercader 468 Piso 3  Valladolid, 04407;318;50;170
991193856;Azucena;;Rojas;3550690251;Camino Isidora Ureña 395 Apt. 22  Melilla, 96904;867;68;170
969935120;Sandalio;José Ángel;Ortiz;3174836093;Alameda Estela Cuadrado 69 Almería, 13202;68;23;170
939259390;Jenaro;;Torrens;3845529395;Vial de Anselmo Expósito 901 Piso 3  León, 40061;399;52;170
913766814;Carmen;Iker;Carretero;3506261329;Paseo Úrsula Serra 988 Lleida, 25047;245;47;170
918626192;Urbano;Etelvina;Garrido;3311259306;Ronda Pía Zamora 353 Castellón, 70687;300;85;170
927161285;Dionisio;;Sobrino;3159691150;C. de Ainara Roca 77 Ávila, 47718;780;19;170
929391363;Araceli;;Abascal;3278124614;Vial de Teodoro Navas 3 Ourense, 11978;755;68;170
968466014;Jose Francisco;Ariadna;Moles;3191145619;Glorieta Teobaldo Marco 97 Puerta 1  Asturias, 35189;646;15;170
991951975;Nazaret;Julián;Benito;3355010525;Via de Adelia Luís 58 Baleares, 43856;483;25;170
927142547;Ramón;;Zurita;3624660324;Cuesta Ambrosio Vives 89 Puerta 6  Vizcaya, 75772;41;76;170
910212559;Salomón;;Barrios;3508787031;Acceso de Manuel Correa 3 Ceuta, 46578;508;70;170
995891688;Duilio;Aurelia;Guzman;3645367218;Urbanización Cleto Plaza 36 Piso 9  Ceuta, 84657;400;76;170
976330722;Narcisa;Chus;Casanovas;3664529119;Pasadizo Candelario Mulet 10 Puerta 9  Zamora, 24802;660;41;170
949264025;Rosaura;Benito;Landa;3655675721;Glorieta de Pepita Aranda 633 Zamora, 47964;124;73;170
939609070;Ariel;;Comas;3812822216;Alameda Edelmira Parra 3 Apt. 74  Salamanca, 88414;606;8;170
990466736;Ainoa;Porfirio;Machado;3379644455;Plaza de Piedad Calderón 18 Badajoz, 63506;678;23;170
988046893;Gilberto;Elvira;Nuñez;3284387117;Plaza Germán Aragonés 32 Valencia, 25422;317;52;170
955994403;Herminia;;Zapata;3855822215;Via de Mauricio Arroyo 368 Piso 6  Guadalajara, 42550;354;52;170
900563862;Manola;;Sanz;3215589520;Ronda Silvestre Múñiz 66 Lugo, 34046;91;5;170
963941300;Teodora;Dionisia;Cabrera;3845405940;Callejón Clotilde Cañizares 7 Piso 6  Ciudad, 85654;568;86;170
915761700;Sebastian;;Muro;3829240650;Pasaje de Duilio Tamayo 22 Madrid, 71290;90;15;170
931586058;Juan Bautista;Amancio;Chaves;3339668790;Plaza Cornelio Delgado 575 Puerta 2  Segovia, 18086;500;68;170
924157888;Obdulia;Germán;Gual;3345623243;Acceso de Plinio Amo 26 La Coruña, 98315;759;15;170
902553445;Ignacia;;Sosa;3695881814;Pasaje Anita Asensio 2 Apt. 13  Pontevedra, 70583;436;8;170
940184878;Fidel;Alexandra;Benavent;3177705524;Alameda Anselmo Borrego 24 Guipúzcoa, 50720;660;54;170
944727444;Teobaldo;Perla;Patiño;3838113755;Avenida de Priscila Torrent 678 Huelva, 97904;388;17;170
960375764;Jose Ramón;Plácido;Galván;3624776948;Camino Camilo Gallo 86 Piso 2  Asturias, 29761;670;5;170
918584815;Ceferino;Mercedes;Azcona;3975467679;Urbanización Victor Valenzuela 1 Piso 5  Zamora, 20001;181;25;170
994718497;Fito;;Gomis;3247212997;Calle Olivia Alcolea 66 Cádiz, 01036;353;5;170
903693253;Hipólito;María Belén;Giralt;3199928046;Callejón Julie Jiménez 3 Apt. 48  Barcelona, 14034;594;63;170
959826784;Anabel;Paloma;Cabo;3842991713;Ronda de Florentina Grau 21 Apt. 71  Cuenca, 92925;686;5;170
989210522;Diego;;Murcia;3267241692;Vial Sebastian Baena 16 Huesca, 75693;206;5;170
916501846;Gracia;;Leal;3807331994;Ronda de Esther Lozano 73 Piso 7  Ceuta, 20189;385;54;170
957169455;Quique;Felix;Vallejo;3755994214;Camino Aureliano Bauzà 8 Tarragona, 74414;324;68;170
916544297;Vinicio;;Pinedo;3527099809;Paseo de Cecilio Castelló 60 Apt. 63  León, 03510;40;25;170
991598755;Gonzalo;Edmundo;Borrás;3911336495;Pasadizo Adora Téllez 31 Valencia, 12859;405;52;170
904452207;Fidela;;Álamo;3820764110;Cuesta Irma Belda 6 Piso 1  Álava, 45138;350;50;170
933929756;Eliana;;Arregui;3625796727;Plaza de Pablo Peiró 97 Puerta 6  La Rioja, 26914;320;52;170
923705454;Tamara;Javi;Ojeda;3984023986;Callejón Adelina Pablo 48 Puerta 0  Palencia, 59599;396;41;170
972932018;Benita;;Vargas;3936844350;Paseo Maricruz Niño 43 Cáceres, 05305;576;5;170
991422935;Soledad;Adelia;Roca;3116653888;Calle Sandra Losada 9 Jaén, 82782;558;8;170
935115286;Anna;Clarisa;Tomé;3727955714;Alameda de Marcela Pablo 87 Apt. 95  Zaragoza, 63636;178;20;170
935388688;Natanael;Adela;Garcia;3124590970;Glorieta de María Dolores Gálvez 48 Piso 9  Vizcaya, 54749;475;5;170
931358451;Valentina;Belen;Abella;3528021704;Rambla Juan Carlos Arana 86 Huesca, 72207;65;81;170
991981320;Santos;Zaira;Madrid;3661704917;Cañada de Remedios Querol 596 León, 82482;354;52;170
982192303;Rosaura;Eliseo;Pino;3969662612;Vial Victor Solera 5 Jaén, 39668;1;15;170
942989617;María Ángeles;Saturnina;Cid;3819210538;Pasaje Maximiliano Montaña 16 Málaga, 78006;380;5;170
986362733;Benito;Máximo;Pujol;3149439066;Alameda Lourdes Morera 5 Cáceres, 17585;683;52;170
928175879;Juan Antonio;Santos;Amigó;3339505979;Alameda Marita Pareja 57 Puerta 6  Palencia, 15132;809;19;170
946123979;Encarna;Marisol;Ripoll;3113100282;Camino de Aurelio Cabeza 12 Granada, 94819;518;25;170
917354828;Fabio;Judith;Jaén;3861063949;C. de Javier Merino 69 Murcia, 47631;600;27;170
900766760;Emiliano;;Catalán;3937958643;Cañada Joaquina Céspedes 872 Valladolid, 86725;646;15;170
941328782;Samu;Xavier;Clemente;3527485864;Pasaje de Chita Borrego 68 Vizcaya, 07950;254;52;170
902239713;Fabio;Guadalupe;Carrasco;3335707542;Glorieta de María Cristina Montes 96 Puerta 1  Vizcaya, 74571;47;15;170
918365303;Yolanda;Ester;Baquero;3880814334;Paseo de Eugenio Lastra 18 León, 58718;548;63;170
986441486;Mohamed;Nereida;Carballo;3435817077;Plaza Ruperto Sureda 816 Alicante, 45423;318;5;170
925773102;Carmelo;;Valenciano;3123030626;Paseo de Amado Alegre 4 Piso 3  Santa Cruz de Tenerife, 75328;114;15;170
971186911;Pancho;;Catalá;3684505932;Ronda de Dani Ocaña 5 Puerta 1  La Rioja, 92547;520;73;170
965112452;Wálter;;Alberola;3237695926;Plaza Xavier Castelló 6 Valencia, 90595;59;5;170
952353038;Chucho;Sandra;Pizarro;3794158718;Cañada Palmira Antón 590 Piso 4  Córdoba, 73773;349;73;170
953933579;Matías;;Girona;3344961508;Ronda de Azeneth Anglada 24 Álava, 46554;224;25;170
957109591;Angélica;Cruz;Vicens;3986080100;Calle Reynaldo Tolosa 33 Piso 9  Cádiz, 32513;692;47;170
968027409;Beatriz;;Solé;3587831435;Glorieta Azucena Laguna 4 La Coruña, 48712;839;25;170
971701932;Chelo;Jordán;Guillén;3807936083;Rambla de Chucho Murcia 11 Tarragona, 33002;417;23;170
936206354;Felix;Ema;Cárdenas;3139438639;C. Sergio Gimenez 23 Piso 3  Salamanca, 75006;2;11;170
931768866;Mariano;Marcos;Jódar;3397636896;Cañada Cayetana Zurita 62 Puerta 9  La Rioja, 79848;152;68;170
987764057;Bautista;;Alcalá;3522425507;Cañada Ester Miguel 4 La Coruña, 23586;513;19;170
979769442;Amando;;Ayuso;3300015002;Callejón de Nerea Rosell 77 Apt. 26  Cuenca, 80913;646;15;170
920165211;Carlos;;Quevedo;3806498930;Via de Ruth Gutierrez 33 Apt. 92  Asturias, 62311;755;68;170
996140074;Aurelio;Quirino;Alberdi;3609080733;Alameda Sabas Losada 20 Puerta 0  La Coruña, 77183;874;44;170
938374077;Alejo;;Franch;3560173604;Rambla Demetrio Baeza 75 León, 00872;822;15;170
930668323;Dorotea;Matilde;Amores;3288839373;Cañada Marina Solé 16 Puerta 4  Ciudad, 94206;419;23;170
990795516;Jose Carlos;;Esteve;3358298246;Acceso Teobaldo Andreu 4 Apt. 97  La Rioja, 17265;658;5;170
903510402;Coral;Miguela;Reyes;3703966487;Rambla Lázaro Jove 73 Huesca, 08230;570;47;170
963920453;Ileana;Amor;Pareja;3941419654;Vial de Gabriel Codina 17 Piso 9  Asturias, 52671;667;5;170
903348654;Lina;;Lobato;3435572455;Cuesta Gabriela Bejarano 33 Teruel, 94362;887;94;170
905926078;Octavia;;Ferrández;3445370743;Cañada de Esmeralda Peiró 6 Madrid, 10544;480;5;170
913024940;Nicanor;Montserrat;Bayón;3841391318;Via Josué Carreras 96 La Rioja, 00247;25;95;170
934675068;Miriam;Francisco;Zaragoza;3836241162;Cuesta Teófila Navas 98 Puerta 2  Alicante, 56729;250;52;170
957655613;Victor Manuel;Porfirio;Barriga;3853549127;Via Fanny Peralta 27 Apt. 80  Asturias, 54456;51;68;170
959758759;Francisco;Raúl;Vives;3279777944;Cuesta María Del Carmen Borja 6 Teruel, 18498;147;76;170
940258247;Dominga;;Morán;3657077913;Camino de Maricruz Pinto 24 León, 42853;410;18;170
991155642;Rosalinda;Amalia;Montesinos;3953400364;C. Violeta Terrón 84 Las Palmas, 77129;306;41;170
963159335;Angelino;;Gisbert;3981691509;Urbanización Eliana Luís 57 Pontevedra, 13587;132;41;170
936330219;Donato;Susanita;Mulet;3928792180;Cuesta de Mohamed Rubio 2 Baleares, 07621;308;5;170
950830080;Guiomar;;Ribes;3662070161;Cañada de Juanito Oliva 544 Apt. 02  Barcelona, 25719;287;50;170
944104963;Eustaquio;;Maza;3994359765;Acceso de Luciano Andrade 5 Apt. 42  Burgos, 71063;524;17;170
928827095;Francisco Jose;;Isern;3494520844;Camino Faustino Castillo 75 Ciudad, 95489;759;15;170
963309805;Amada;Américo;Mendizábal;3439696150;Cañada de Lucas Juliá 10 Puerta 4  Jaén, 19881;245;68;170
930068648;Estela;;León;3484886819;Paseo de Fermín Ferreras 3 Piso 3  Barcelona, 18450;425;15;170
989250746;Adrián;;Valenzuela;3229110289;Acceso Feliciana Sola 3 Soria, 08540;736;81;170
953290350;Reyes;;Cardona;3654434807;Camino de Vidal Adán 31 Piso 6  Cáceres, 77044;596;25;170
905545422;Rosaura;Marta;Bolaños;3252220845;Camino de Liliana Sales 94 Santa Cruz de Tenerife, 15861;283;73;170
911817746;Carmina;;Cepeda;3426360645;Via Ruy Alberdi 2 Piso 9  Lugo, 76861;550;15;170
958511705;Nazaret;;Abella;3920162873;Acceso de Irma Matas 90 Zaragoza, 13920;518;54;170
938852310;Álvaro;;Amador;3877036757;Callejón Nayara Torres 8 Teruel, 43791;15;11;170
956274071;Rogelio;Bartolomé;Estrada;3499743770;Paseo Samuel Rico 62 Valencia, 04323;275;76;170
982264346;Remedios;Miguel Ángel;Araujo;3309138518;Urbanización de Julieta Bolaños 89 Apt. 09  Salamanca, 72330;800;54;170
959696470;Amor;;Agudo;3534207367;Urbanización Sancho Uriarte 34 Apt. 61  Sevilla, 56741;777;25;170
915678834;Ciríaco;Rogelio;Vila;3905816393;Paseo Morena Adán 279 Piso 5  Ceuta, 13235;770;8;170
975438119;Benito;Salud;Arco;3252353573;Calle de Porfirio Marín 51 Puerta 5  Ciudad, 13649;122;76;170
999464622;Eutropio;Charo;Cerezo;3319752103;Alameda de Sarita Aroca 517 Cáceres, 72098;550;15;170
994398361;Lola;;Jimenez;3424128521;Pasaje de Feliciano Quintana 1 Vizcaya, 06770;680;54;170
982140570;Bruno;Enrique;Zamora;3538275558;Cañada de Morena Duarte 479 Las Palmas, 88970;491;27;170
984876790;Rosa;Primitiva;Melero;3540485714;Glorieta Edelmiro Frutos 69 Córdoba, 17902;466;15;170
995064798;Jose Miguel;José Ángel;Gallo;3188033252;Rambla de Emilio Castillo 587 Puerta 1  Soria, 66946;324;25;170
998402351;Hernando;América;Guillén;3906164353;Callejón de Domitila Valencia 933 Santa Cruz de Tenerife, 16961;430;27;170
943728057;José Luis;;Vaquero;3178717809;Pasaje Juan Manuel Lago 1 Piso 4  La Rioja, 79141;205;18;170
974431518;Cristian;;Falcó;3497368659;C. Salud Díez 396 Salamanca, 44435;530;41;170
966936386;Vinicio;Lucio;Piquer;3936919265;C. de Nélida Castejón 62 Álava, 95977;288;25;170
924412471;Mariana;;Blasco;3914791136;Cuesta Rocío Viña 444 Zamora, 24167;799;25;170
985290845;Leocadio;Loida;Rosado;3915964441;Ronda Regina Tomás 5 Pontevedra, 15955;87;15;170
902120071;Luis Ángel;Ignacio;Valero;3256702242;Cañada Manu Llanos 31 Las Palmas, 32273;287;52;170
971877209;Eleuterio;;Yuste;3390138021;Vial de Marcelo Céspedes 37 Apt. 79  Melilla, 60241;361;27;170
919273976;Edelmira;Amanda;Bejarano;3684569564;C. Reynaldo Pujadas 55 Puerta 5  Barcelona, 30030;572;68;170
975935778;Susana;;Riquelme;3624208750;Pasadizo Juan Francisco Alberola 170 Salamanca, 68992;86;5;170
935982874;Ágata;Nicolasa;Ferrero;3958831972;Pasaje Jose Manuel Peral 15 Soria, 56469;665;5;170
968908498;Carmen;;Villegas;3296199932;Calle Dorita Nebot 57 Puerta 0  Girona, 35624;268;47;170
922378905;Bernardita;Adalberto;Aramburu;3355528340;Alameda de Alicia Ugarte 29 Córdoba, 79543;832;15;170
975009513;Merche;;Torrent;3740994701;C. de Timoteo Rivero 98 Albacete, 67931;612;52;170
975300584;Gertrudis;;Pizarro;3495078273;Acceso de Lidia Luque 4 Ávila, 71205;150;18;170
983683515;Clímaco;Heriberto;Gutiérrez;3680032491;Cuesta Osvaldo Segarra 97 Murcia, 98117;223;15;170
910690647;Sebastian;Cosme;Roldan;3746020584;Camino de Guillermo Muñoz 62 Almería, 48518;893;5;170
917241552;Leonardo;;Villar;3200890396;Glorieta de Delia Azcona 6 Navarra, 93901;35;25;170
960744527;Pedro;;Guillen;3345322563;Calle Rodolfo Noguera 15 Granada, 19140;109;54;170
902077958;Feliciano;Anunciación;Lozano;3700700575;Alameda de Tere Agustí 76 Apt. 15  Guadalajara, 24812;400;20;170
973234138;Rafaela;Eufemia;Aguado;3303629819;Alameda de Encarnacion Barragán 5 Navarra, 70918;1;17;170
924699486;Alfredo;Cayetano;Millán;3325483345;Cuesta de Lina Moreno 28 Valencia, 13180;245;27;170
923477540;Noemí;Francisco Jose;Estevez;3375470190;Pasadizo Albino Montserrat 2 Granada, 01031;780;13;170
919485837;Borja;;Fabra;3183318668;Paseo Febe Carballo 102 Almería, 00211;773;99;170
958708255;Artemio;Cristina;Ros;3992607289;Urbanización de Epifanio Gomila 444 Apt. 37  Albacete, 52841;282;5;170
957591519;Xavier;Reyes;Olivé;3800279849;Glorieta América Marin 40 Apt. 16  Barcelona, 40563;432;68;170
955903170;Victor;;Morell;3142118972;Alameda de Roque Sanmiguel 876 Valladolid, 04822;530;25;170
978119331;Verónica;Eustaquio;Cuéllar;3462656166;Callejón Manuela Gascón 9 Pontevedra, 80469;355;19;170
966922224;Teófila;;Escamilla;3545415964;Paseo Jafet Adadia 20 Piso 1  Cuenca, 39062;313;54;170
910057604;Natalio;Nélida;Crespo;3455826273;Via de Casandra Valentín 48 Piso 4  Cuenca, 80389;135;27;170
916326030;Áurea;;Arnal;3700818977;Glorieta de Rubén Guzman 38 Valencia, 64517;616;17;170
936414648;Belén;Jaime;Redondo;3578265460;Urbanización Victoriano Izaguirre 815 Murcia, 04933;480;54;170
942379164;Rosenda;Isidro;Benavent;3973742707;Callejón de Joaquina Bernat 14 Apt. 90  Palencia, 39585;740;15;170
906526791;Modesta;Felipe;Bello;3822068906;Acceso de Fortunato Sanz 85 León, 43277;78;8;170
950664171;Julie;Gala;Lamas;3147664795;C. de Ciriaco Jordán 82 Ourense, 15145;548;41;170
977294179;Régulo;Bárbara;Riba;3308195747;Alameda Julio César Arcos 10 Apt. 74  Huelva, 83301;295;20;170
962984201;Benita;Malena;Requena;3350942403;Pasadizo Marino Albero 783 Huelva, 80435;161;47;170
978697781;Ana Belén;;Pinedo;3601777611;Acceso de Encarnación Egea 31 Córdoba, 70089;814;15;170
967741942;Luis Miguel;Toribio;Bautista;3297406999;Avenida de Natividad Vallejo 2 Apt. 45  Cuenca, 42116;785;25;170
949009403;Samu;;Casares;3789492187;Avenida de Cruz Franco 752 Granada, 63798;12;11;170
911735316;Eli;;Pedrosa;3452907785;Pasadizo Lina Montes 96 Puerta 0  Jaén, 44876;705;68;170
929492802;Luz;Heraclio;Castrillo;3129519377;Pasaje de Cecilia Catalán 2 Jaén, 32256;330;50;170
922681493;Paco;;Villalobos;3361555840;Urbanización Chita Gomis 95 Piso 6  Toledo, 82981;418;19;170
931272344;Ileana;;Pujadas;3290954441;Cuesta de Lupe Vidal 9 Puerta 8  Almería, 19599;761;15;170
974228742;Leonor;;Amaya;3726744809;Plaza Victoria Neira 98 Álava, 13857;244;41;170
914276972;Sol;;Lago;3122719243;Cuesta María Teresa Ripoll 80 Piso 7  Cuenca, 20276;461;73;170
990971135;Pelayo;;Madrigal;3336124552;Ronda Cintia Espejo 420 Almería, 46139;410;85;170
914776620;Mónica;Ramona;Nebot;3147312133;Pasaje Leonor Aguado 33 Ciudad, 32017;861;15;170
984272643;Maristela;Rolando;Bonilla;3468674405;Plaza Adelia Rivas 28 Girona, 71440;385;52;170
985384437;Pedro;;Casal;3139512931;Cañada Cintia Buendía 17 Apt. 65  Guipúzcoa, 26962;571;86;170
964211171;Crescencia;Ana Belén;Bertrán;3497762143;Urbanización Benigna Ortiz 22 Piso 5  Toledo, 64090;809;19;170
965916736;Maura;Sergio;Zurita;3291796589;Avenida de Paloma Doménech 82 Puerta 3  Ávila, 12624;533;15;170
902151417;Elisa;;Cerezo;3320791934;Pasadizo de Carlito Luque 51 Cantabria, 91600;865;86;170
913319978;Leyre;;Ibarra;3381195376;Camino de Dolores Arregui 50 Piso 0  Girona, 55484;675;73;170
977938238;Faustino;Román;Pintor;3960743381;Pasadizo de Valerio Mate 725 Puerta 5  Pontevedra, 73640;209;5;170
910048993;Ricarda;;Acedo;3984582988;Paseo de Melchor Ariza 20 Salamanca, 63622;606;50;170
992094031;Gloria;;Quintana;3116213446;Via Lucas Marco 12 Piso 9  Ciudad, 92602;672;23;170
967446689;Bruno;;Marí;3312354089;Acceso de Noé Ruiz 9 Guipúzcoa, 17699;755;15;170
942447858;Rocío;;Somoza;3612476969;Avenida de Clotilde Garay 79 Zamora, 03764;402;25;170
988181574;Arcelia;Luciano;Carnero;3445537750;Alameda de Paulino Bermúdez 83 Apt. 73  Almería, 37811;271;68;170
908711076;Itziar;;Aranda;3538471577;Cañada Juan Pablo Lobo 50 Segovia, 54591;520;76;170
911517507;Damián;;Segarra;3613229804;Acceso Mayte Llopis 41 Apt. 87  Guadalajara, 23069;51;68;170
966019594;Nieves;;Álamo;3448031956;Camino Eusebio Canals 37 Huelva, 30955;723;15;170
901838563;Luis Ángel;Yéssica;Quirós;3411204360;Camino Claudia Rebollo 88 Apt. 82  Burgos, 79720;785;18;170
983085468;Ariel;Eloy;Sobrino;3685268089;Callejón Jimena Calatayud 914 Piso 5  Cantabria, 39725;247;18;170
970743241;Clarisa;Eliana;Neira;3869138389;Rambla de Eugenia Murillo 8 Valladolid, 89500;318;5;170
939030294;Luciano;Reinaldo;Blanch;3693100842;Alameda de Seve Lopez 98 Albacete, 46525;290;19;170
916730085;Encarnacion;;Gallart;3336550204;Acceso de Victorino Zabaleta 119 Apt. 77  Tarragona, 76014;42;5;170
979851882;Rolando;;Campo;3414503890;Acceso de Carlos Gallardo 6 Apt. 27  Vizcaya, 17480;290;19;170
959293343;Jose Miguel;;Santamaría;3225612461;Calle Severiano Mercader 28 Salamanca, 16627;491;15;170
908457302;Débora;;Tirado;3329246815;Pasadizo de Etelvina Lobo 83 Córdoba, 64134;780;68;170
979575602;Merche;Mauricio;Luís;3641037148;Ronda de Ximena Coloma 1 Córdoba, 54624;1;88;170
948318504;Roldán;Itziar;Iñiguez;3596708687;Plaza María Ángeles Paredes 51 Apt. 33  Zaragoza, 24846;867;68;170
940402188;Jose Ignacio;;Berenguer;3776319439;Camino de Melisa Mulet 4 Apt. 67  Castellón, 08150;38;5;170
917275173;Jessica;;Larrea;3460594467;Ronda Ramona Ballesteros 486 Puerta 8  Burgos, 22028;685;8;170
973311354;Carlito;;Izquierdo;3594601633;Callejón Nerea Haro 11 Lugo, 51307;36;76;170
991467213;Inmaculada;;Tapia;3289727158;Pasaje de Juan Guillén 3 Piso 4  La Rioja, 74120;126;76;170
922697487;Nélida;;Machado;3622343991;Cañada de Adora Moliner 338 Puerta 2  Jaén, 38884;390;52;170
928046416;Vera;;López;3782164163;Alameda de Juan Luis Blázquez 144 Apt. 35  Lugo, 75209;250;85;170
901780514;Dani;;Mas;3415686702;Avenida de Silvia Balaguer 94 Piso 8  Soria, 05404;1;66;170
972136293;Ruben;;Sierra;3431813406;Acceso de Diego Company 31 Apt. 22  Melilla, 30056;214;25;170
971747674;Ezequiel;Amado;Gárate;3206694152;Cañada de Leonardo Lamas 93 Apt. 81  La Rioja, 57167;541;47;170
