928305435;Isidoro;Jaime;Portillo;3154465045;Avenida de Natalio Esteban 5 Girona, 30568;497;76;170
979228835;Leopoldo;Ana Belén;Urrutia;3190180948;Vial de Leire Folch 8 Burgos, 50090;889;97;170
943050644;Encarnacion;Patricia;Rivero;3141045765;Via de Esperanza Barbero 65 Almería, 52664;400;5;170
994565963;Sarita;Bartolomé;Márquez;3648144085;Pasaje de Elisabet Flor 7 Pontevedra, 43894;250;85;170
933815548;Maricela;Dalila;Parra;3792159021;Vial Joel Fuertes 71 Puerta 7  Valladolid, 45229;109;76;170
951373114;Diana;;Cervera;3757891958;Pasadizo de Eusebio Ripoll 314 Santa Cruz de Tenerife, 85042;580;23;170
972145590;Benjamín;;Porcel;3188597605;Calle Eutropio Vera 681 Ávila, 03723;473;70;170
919450329;Pastor;;Huerta;3308347242;Calle de José María Abella 77 Piso 7  Ourense, 01792;835;15;170
964565611;Gabriel;;Durán;3414870020;Calle Nicanor Núñez 16 Guipúzcoa, 65880;788;52;170
908499840;Olalla;;Bermúdez;3964579433;Calle Evangelina Leal 54 Puerta 7  Asturias, 49465;607;5;170
997036819;Asunción;;Bou;3325276927;Cuesta Marta Garay 143 Álava, 74653;823;25;170
959013389;Delfina;Primitiva;Pereira;3235434263;Pasaje de Cirino Sevillano 44 Puerta 5  Palencia, 53599;407;15;170
995166953;Consuela;;Boada;3472872053;Acceso de Isidora Lloret 85 Murcia, 56898;823;70;170
972603030;Gustavo;;Roura;3908469649;Plaza de Gala Escribano 302 Apt. 47  Vizcaya, 73098;720;54;170
944960247;María Manuela;Purificación;Yáñez;3434509506;C. Sarita Ayala 46 Puerta 6  Las Palmas, 82916;616;17;170
982246872;Sol;;Salmerón;3512637906;Pasaje de Francisco Álvaro 62 Valladolid, 10887;810;15;170
985872501;Agapito;;González;3930009034;Rambla Prudencia Pascual 68 Puerta 7  Álava, 97250;572;66;170
919753148;Jenaro;Juan;Ramírez;3648238686;Ronda Lucho Priego 69 Murcia, 52395;872;41;170
909657789;Martirio;Fortunata;Carmona;3203460150;Pasadizo Adolfo Cáceres 64 Piso 9  Tarragona, 42174;713;70;170
942995222;Godofredo;Ileana;Alcázar;3992150632;Pasaje de Vicenta Zaragoza 24 Apt. 26  La Rioja, 99038;42;17;170
982953194;Cruz;Emperatriz;Ayllón;3100772969;Cañada Paco García 16 Asturias, 66734;77;68;170
939042759;Gabino;Belén;Sánchez;3368232302;Paseo de Pedro Cerezo 87 Zamora, 33044;610;18;170
928234728;Benigno;Tristán;Peláez;3511904719;Urbanización Griselda Cortes 42 Apt. 55  Teruel, 29889;370;50;170
966097383;Mohamed;;Zurita;3816131706;Alameda Berto Planas 38 Apt. 21  La Rioja, 88408;835;15;170
972145798;Ani;Moisés;Gual;3711256946;Alameda Carmelo Malo 17 Piso 2  Soria, 06709;356;52;170
931218052;Isidora;;Viña;3348977058;Paseo Jose Manuel Sureda 16 Lleida, 47843;207;52;170
915029095;Teodora;Sandalio;Matas;3698825426;Camino Jeremías Escobar 62 Apt. 07  Soria, 75777;51;54;170
940886823;Ciriaco;;Agustí;3421259109;C. Carmelita Sans 44 Puerta 5  Huelva, 03942;154;25;170
933707549;Lope;Olimpia;Fuentes;3380711945;Via Elpidio Pinedo 42 Puerta 7  Pontevedra, 26392;245;54;170
907845496;Charo;;Vaquero;3518720992;Calle Gonzalo Peralta 39 Burgos, 35038;20;11;170
929608797;Gastón;Nilo;Tena;3980966081;Via Angelina Cortes 419 Puerta 7  Navarra, 85990;692;47;170
912767234;Nacio;Anna;Pelayo;3799017095;Pasaje de Teresa Guillén 70 Piso 1  Alicante, 11613;148;73;170
996770691;Lino;Prudencia;Guillén;3290480538;Acceso Hortensia Perea 90 Piso 5  Santa Cruz de Tenerife, 28395;622;19;170
956710698;Encarnación;;Lluch;3641154676;Ronda Rosaura Santamaria 76 Badajoz, 86711;807;19;170
993815780;Nazaret;Renato;Serna;3634118494;Via de José Solé 8 Piso 7  Burgos, 18291;1;50;170
902932073;Juan;;Barrio;3792812822;Callejón de Clara Vigil 584 Piso 7  Lugo, 55727;883;94;170
960035478;Manu;Febe;Priego;3157828762;Alameda de Celestina Ortiz 432 Las Palmas, 10295;570;47;170
977430883;Albano;;Luz;3857356761;Cañada Azeneth Girona 42 Apt. 73  Guadalajara, 79337;736;5;170
909457468;Diego;Chucho;Artigas;3108832789;Urbanización Marcio Segovia 35 Puerta 5  Jaén, 83372;161;97;170
958232533;Cruz;Visitación;Estrada;3994706545;Pasaje Anita Álamo 79 Piso 6  Burgos, 46131;555;23;170
913538049;Lucio;Nuria;Herrero;3287451544;Plaza de Nicolás Marin 383 Piso 9  Segovia, 60361;368;5;170
928574718;Carolina;Susana;Carballo;3851368079;Ronda de Pascual Jara 32 Apt. 45  Tarragona, 13500;11;20;170
956333991;Atilio;Julieta;Alberto;3799702845;Callejón Lorenza Campo 41 Piso 0  Málaga, 17501;500;15;170
953859634;Silvio;Emma;Vazquez;3893433111;Paseo Victor Manuel Sarabia 10 Piso 1  Zamora, 32802;790;5;170
930108605;Arsenio;Santiago;Arco;3168721404;Cuesta Tatiana Vicens 61 Toledo, 30553;344;54;170
956376214;Agustín;Miguel Ángel;Iñiguez;3686799087;Pasaje Haroldo Antón 1 Girona, 19396;885;41;170
990217511;Ciríaco;;Diego;3490217016;Acceso Dora Pareja 95 Piso 4  Toledo, 61542;847;5;170
986519059;Luis Miguel;Agustina;Cañizares;3627835740;C. Jose Miguel Casanova 75 Apt. 02  Segovia, 59609;279;85;170
962372083;Ariadna;Bruno;Galván;3356030828;Plaza de Angelino Bermúdez 88 Apt. 10  Cáceres, 86618;736;5;170
967318924;Clementina;Carolina;Montoya;3943305746;Cañada de Julia Acevedo 91 Las Palmas, 50636;483;41;170
965253647;Teófila;Luciana;Cáceres;3800824982;Calle de Alondra Llobet 255 Albacete, 34669;504;73;170
986119266;Mónica;;Vallejo;3305047970;Avenida Eliana Chaves 78 Apt. 26  Navarra, 95123;670;54;170
981788876;Jorge;Dalila;Belda;3415024098;Vial Clotilde Rueda 71 Piso 6  Huesca, 09513;444;17;170
956252108;Primitivo;Griselda;Tamayo;3948176161;C. Cesar Sarabia 71 Teruel, 42218;807;41;170
978781110;Melania;;Casado;3177763063;Paseo Abilio Tomás 5 Cádiz, 22395;367;15;170
959663318;Fátima;;Lucena;3538751871;Glorieta Virgilio Calzada 94 Piso 6  Ávila, 16634;820;70;170
950167769;Ana Belén;Julián;Amat;3660883185;Glorieta Xiomara Ríos 97 Castellón, 54956;91;5;170
982103979;Luciana;;Dominguez;3260917334;Via de Eusebio Tirado 69 Huesca, 27581;258;25;170
947749299;Nuria;;Viñas;3161384012;Acceso de Leopoldo Sáez 28 Piso 6  Ávila, 06163;580;23;170
905695911;Graciano;;Río;3787855407;Avenida de Rosario Palomo 8 Piso 9  Alicante, 42780;807;19;170
964063061;Cristóbal;Josefina;Conesa;3380549327;Pasaje Gala Peñalver 41 Apt. 83  Lugo, 14373;400;70;170
926856461;Serafina;Milagros;Ferrández;3846792057;Avenida de Rocío Segovia 37 Piso 1  Lleida, 19130;349;73;170
904202622;Gema;Soledad;Nicolás;3455928168;C. Ruperta Real 56 Apt. 18  Murcia, 27505;754;25;170
950892998;Guiomar;;Caro;3304458468;Acceso de Paca Bauzà 45 Vizcaya, 40760;682;66;170
975456008;Casemiro;;Diego;3335574920;Camino de Dionisio Feijoo 70 Puerta 5  Ciudad, 72348;899;25;170
950964791;Juan Francisco;Pánfilo;Barba;3730785027;Glorieta Loreto Lobato 223 Valencia, 53874;770;73;170
939715488;Emilia;Juan;Villalobos;3494516301;Paseo de Anita Torrens 3 Piso 5  La Rioja, 35037;122;76;170
905206411;Miguel;Carina;Alberto;3425233487;Pasaje Anunciación Peñalver 2 Apt. 85  Álava, 99855;320;52;170
976440882;Trinidad;Narcisa;Bru;3467256263;Acceso de María Belén Torrijos 9 Ciudad, 70752;535;25;170
936895631;Lorena;;Frutos;3604257184;Via de Chita Alcántara 940 Madrid, 69236;610;18;170
935869531;Florencio;Tadeo;Carbajo;3204630265;Via Anacleto Requena 20 Segovia, 33281;20;41;170
983755923;Che;Roberta;Vicente;3854989361;Callejón Calixta Hernandez 70 Puerta 8  Guipúzcoa, 67807;760;13;170
967193661;Renato;Vinicio;Vila;3699404665;Cañada Rocío Marquez 292 Lugo, 62791;693;19;170
960785086;Elvira;Palmira;Mariscal;3544395199;Acceso Elba Verdugo 352 Badajoz, 53679;764;15;170
900423294;Martín;;Villa;3915622937;Urbanización de Priscila Manjón 20 Córdoba, 14250;4;11;170
901750250;Edgardo;;Briones;3431086802;Avenida de José Baró 6 Salamanca, 71871;757;15;170
931684515;Leonel;Alba;Boada;3425059497;Rambla de Sancho Pomares 7 Melilla, 75537;647;13;170
925420116;Baltasar;Reynaldo;Huertas;3533822678;Cuesta de Fabricio Morera 48 Piso 2  Cáceres, 80134;461;73;170
933710576;Silvia;;Feijoo;3678023763;Rambla de Laura Fuentes 46 Piso 2  Cantabria, 26061;279;44;170
921827334;Tomás;Moreno;Ocaña;3950281739;Plaza Apolonia Rodrigo 4 Apt. 41  Salamanca, 42804;190;5;170
972033186;Itziar;Paz;Bermejo;3375409445;Pasadizo Heliodoro Bueno 28 Ourense, 55377;246;76;170
935915480;Cosme;Silvestre;Calvet;3416264587;Ronda Carlito Tejada 20 Piso 7  Granada, 72803;130;76;170
953040538;Dafne;;Almeida;3456102595;Pasaje de Natalio Aguado 908 Puerta 0  Almería, 36477;209;68;170
901320448;Tecla;;Duarte;3261660829;Pasadizo de Sofía Barros 32 Apt. 78  Jaén, 47869;226;50;170
963749255;Alberto;José Luis;Quesada;3937103121;Acceso de Valero Ribera 423 Piso 4  Almería, 97277;325;85;170
900643569;Loreto;;Ramirez;3394585887;Urbanización Atilio Calvet 94 Apt. 07  Las Palmas, 62243;223;15;170
917098910;Vicente;;Pulido;3410740816;Plaza de Yago Jordán 4 Apt. 98  Huelva, 19561;861;73;170
973346358;Conrado;;Saez;3901558566;Pasaje Sol Escribano 388 Alicante, 57343;418;68;170
980043785;Consuelo;Jose;Mercader;3647073744;Pasaje Dorotea Vallés 83 Cáceres, 48282;871;54;170
944888748;Macaria;Íñigo;Alemany;3681237262;Urbanización Armida Alsina 59 Piso 8  Guadalajara, 01779;450;50;170
970419719;Julio;;Barrio;3651003240;Acceso de Calista Farré 847 Apt. 42  Cáceres, 79447;30;5;170
923015577;Joan;Fito;Valls;3739324928;Urbanización Isabel Cuenca 7 Piso 4  Zamora, 31617;563;76;170
980110396;Anita;;Peláez;3272125640;Rambla Nélida Ramos 56 Puerta 1  Ceuta, 63204;522;68;170
945822498;Diana;;Marco;3128419136;Vial de Gerardo Garcés 1 Castellón, 44075;224;25;170
919120234;Ámbar;Hernán;Alba;3624087721;Pasadizo de Aureliano Salcedo 933 Granada, 31573;692;47;170
986142303;Cecilia;;Bauzà;3526937765;Cañada Horacio Cadenas 78 Vizcaya, 35820;873;73;170
944637933;Nilda;Itziar;Bravo;3106877892;Pasaje Maristela Zaragoza 9 Jaén, 93388;344;68;170
940517938;Gastón;Renato;Gallart;3783176676;Plaza de Pascual Castro 64 Puerta 5  Barcelona, 12138;436;8;170
941945188;León;Claudia;Briones;3168665715;C. de Simón Rius 17 Piso 8  Toledo, 19929;206;5;170
937831004;Beatriz;Ascensión;Riera;3429096107;Pasadizo Mauricio Barceló 70 Alicante, 79090;440;85;170
917534613;Eliseo;Narciso;Soriano;3515567298;Ronda de Florentino Cánovas 67 Lugo, 01276;361;27;170
910619583;Jenaro;;Olmedo;3547735175;Avenida de Rómulo Sales 51 Piso 8  La Rioja, 53521;40;5;170
995214416;Candelario;Remedios;Patiño;3493296832;Calle Eliana Alsina 31 Apt. 73  Palencia, 53754;101;68;170
987311639;Teresita;;Vélez;3935997236;C. de Bernarda Roca 85 Apt. 47  Málaga, 48636;300;81;170
943750082;Concha;;Aramburu;3206732507;Cañada de Gloria Mas 49 Soria, 49887;244;41;170
910020304;Elpidio;;Iglesias;3104521324;Paseo de Emilia Jover 93 Piso 1  León, 55135;162;15;170
996955749;Griselda;;Bastida;3103620396;Vial de Cayetano Peñas 16 Burgos, 31465;227;52;170
967708733;Candelas;Pilar;Seco;3767021243;Rambla Andrea Antón 3 Piso 9  Lugo, 40328;400;66;170
911613762;Juan Bautista;;Cabanillas;3563303771;Via Miguel Ángel Abellán 43 La Coruña, 30858;361;5;170
966637336;Benigna;;Bertrán;3810683765;Paseo de Feliciana Caro 663 Apt. 71  Pontevedra, 63203;657;13;170
963127111;Diana;;Sandoval;3663479795;Camino Eloísa Torrens 559 Madrid, 98058;6;50;170
922698657;Chema;;Toledo;3877144137;Paseo de Iris Oliver 27 Puerta 5  Zaragoza, 88997;2;11;170
994193991;Reyes;Mariano;Sanz;3859766150;Calle de Miriam Peñalver 1 Apt. 91  Santa Cruz de Tenerife, 19485;522;15;170
908028255;Lilia;;Mancebo;3862529412;Cuesta de Lupe Criado 49 Apt. 43  Badajoz, 74980;879;15;170
916036083;Anselmo;;Yáñez;3708375411;Avenida Flavia Urrutia 985 Córdoba, 03398;276;68;170
942836925;Sancho;Anna;Carbonell;3801721212;Glorieta de Clarisa Osorio 192 Puerta 3  Tarragona, 73649;839;15;170
937857992;Benito;;Amo;3847836863;Avenida Edmundo Canales 8 Santa Cruz de Tenerife, 48648;871;25;170
951876176;Chus;;Arregui;3303494664;Vial Encarnación Delgado 93 Piso 5  Santa Cruz de Tenerife, 03726;669;91;170
923222892;Francisco Javier;Juan Manuel;Aguilera;3119052206;Avenida Sofía Valdés 29 Apt. 29  Guipúzcoa, 02489;823;76;170
990342933;Emelina;Eugenia;Bernal;3516439631;Ronda Apolinar Echevarría 2 Navarra, 17706;553;54;170
960326839;Yaiza;Nidia;Peralta;3897367882;Pasadizo Mireia Sandoval 83 Apt. 74  Baleares, 71180;673;13;170
941951354;Marc;Cintia;Rivas;3510610146;Cuesta de Selena Cobos 31 Piso 4  Huelva, 76333;892;76;170
904720168;Toño;;Murcia;3414938025;Camino de Yésica Juárez 50 Apt. 61  Lugo, 71438;592;18;170
937847742;Régulo;Maricruz;Gelabert;3190141854;Camino de Haroldo Solsona 36 Apt. 33  Guadalajara, 53510;224;25;170
986605552;Sonia;;Taboada;3834525781;Acceso Hermenegildo Azcona 43 Piso 5  Las Palmas, 77567;549;13;170
930036154;Jenny;Humberto;Sosa;3496891507;Camino Ismael Cepeda 5 Albacete, 86073;45;20;170
996278458;Valerio;;Sanmartín;3414363809;Calle Maxi Nogués 33 Apt. 55  Palencia, 55738;870;73;170
962794570;Alex;;Gaya;3203352646;Rambla de Che Santiago 14 Puerta 1  Santa Cruz de Tenerife, 58191;92;15;170
975088483;Jacinta;Tiburcio;Guzmán;3353275368;Camino Roque Cornejo 991 Burgos, 61508;838;52;170
921654898;Casemiro;Itziar;Tejera;3432573371;C. de Timoteo Torrecilla 26 Castellón, 92351;675;8;170
970329879;Eric;;Tolosa;3663268428;Calle de Candelas Jódar 78 Piso 9  Segovia, 75186;209;5;170
936360693;Bernardino;;Montaña;3580789771;Plaza Nando Mena 17 Piso 6  Álava, 49641;400;66;170
984564516;Severiano;;Saura;3320945620;Pasaje de Hipólito Girón 67 Apt. 16  Ávila, 84859;284;5;170
903198159;Marcela;Gonzalo;Tur;3847155812;Via de Inocencio Batlle 75 Las Palmas, 70821;808;15;170
964073819;Atilio;Horacio;Ríos;3133318321;Via de Reinaldo Sanmiguel 64 Vizcaya, 64808;745;25;170
964929460;Juan José;Andrea;Román;3408652455;Callejón de Enrique Marcos 418 Piso 3  Navarra, 25127;226;15;170
980701033;Bonifacio;;Murillo;3312794867;Rambla Telmo Valle 901 Apt. 16  Toledo, 83930;541;5;170
984951188;Ruth;Cayetana;Canet;3931500033;Avenida Lilia Parra 65 La Rioja, 72270;669;91;170
959177027;Leticia;;Viana;3170705913;Paseo Lupe Orozco 22 Palencia, 54680;854;5;170
990214711;Albert;Anselmo;Pedrero;3940059632;Cuesta de Lalo Ros 963 Cádiz, 13710;430;13;170
905012595;José Antonio;Eusebia;Cabanillas;3291386359;Camino Nieves Santos 86 Ourense, 30179;470;63;170
900505451;Rubén;Alberto;Benavides;3442745352;Camino de Marcelino Ugarte 377 Soria, 75484;773;99;170
936996120;Ruperta;;Rubio;3468613144;Callejón de Cristóbal Maza 65 Piso 1  Zaragoza, 60021;616;76;170
947606063;Clímaco;Eustaquio;Mulet;3444601486;C. Heriberto Luz 11 Puerta 2  Teruel, 47346;30;47;170
966655599;Pascual;Lidia;Aliaga;3718374834;Avenida Haydée Mascaró 599 Zamora, 66514;197;5;170
969215341;Paulino;Primitivo;Lledó;3650447616;Vial Federico Uría 76 Piso 6  Ávila, 71024;347;54;170
902724169;Fabio;Gracia;Valbuena;3230378202;Rambla Graciana Rocha 423 Apt. 72  Valladolid, 90970;204;70;170
900513292;Hilda;Encarnita;Soler;3479584327;Rambla de Rosalina Clavero 73 Piso 3  Las Palmas, 56149;1;15;170
972644048;Ulises;Caridad;Arias;3144367552;Pasadizo de Salud Nicolau 96 Tarragona, 98766;162;85;170
990026243;Ezequiel;Nieves;Bustos;3678708365;Acceso de Domingo Vilar 25 Piso 9  Lleida, 58134;282;5;170
929849359;Gerardo;;Campoy;3372704007;Glorieta Mireia Llobet 41 Piso 0  Tarragona, 43441;520;76;170
924860695;Nerea;Santos;Balaguer;3647695649;Plaza Teresa Torralba 88 Piso 5  Murcia, 01615;757;15;170
958201314;Daniel;;Donoso;3929208705;Callejón Martina Ureña 62 Palencia, 38763;540;52;170
914222787;Azahara;;Sans;3702946667;Avenida Rodrigo Fortuny 938 Piso 7  Álava, 72896;420;44;170
968272979;Benito;Amparo;Cardona;3944920819;Camino de Nereida Zurita 3 Badajoz, 54020;362;15;170
947310382;Jenaro;;Calderón;3986103172;Calle Lisandro Duarte 31 La Coruña, 81299;281;25;170
982525411;Ciro;Gastón;Salmerón;3280877636;Avenida de Pastora Roura 6 Asturias, 44925;110;70;170
948717807;Clotilde;Ovidio;Álamo;3322424337;Paseo Ignacia Amores 414 Piso 2  Pontevedra, 94538;819;5;170
969156444;Reyes;Wilfredo;Palacios;3599353472;Acceso de Nacho Sastre 52 Puerta 4  Cantabria, 96340;687;66;170
943379110;Bernarda;Urbano;Lamas;3440483342;Via de Geraldo Campos 429 Badajoz, 67818;378;44;170
935131028;Ligia;;Nogueira;3568720492;Ronda de Rosendo Mulet 59 Apt. 79  Barcelona, 16583;785;18;170
902337693;Lorenzo;;Velasco;3594349121;Alameda Alma Cervantes 76 Palencia, 11113;350;23;170
924385656;Benjamín;Juliana;Jaén;3369750365;Avenida de Celestino Rosselló 9 Puerta 5  Lleida, 43386;110;52;170
938696444;Silvio;;Borrego;3958044631;Ronda Berto Marqués 68 Piso 6  Cáceres, 10992;318;76;170
963203037;Herminio;Régulo;Lobo;3657716864;Camino de Jenaro Tejedor 9 Melilla, 31434;449;73;170
952961053;Pilar;;Sobrino;3588927711;Acceso de Ruben Luís 18 Granada, 51689;250;54;170
933481145;Victoria;;Aller;3645585006;Cuesta de Cruz Romero 20 La Rioja, 54251;370;50;170
993726776;Manu;;Manuel;3421224322;Calle Albert Fernandez 765 Piso 7  Álava, 21119;397;68;170
947295627;Florencia;;Portillo;3640114895;Calle de Alejandro Borrás 587 Puerta 2  Álava, 55217;212;13;170
958167746;Adora;;Figueras;3729759676;Calle Damián Fonseca 29 Guipúzcoa, 90175;743;19;170
939699264;Gilberto;Fanny;Fonseca;3620761529;Alameda de Nicolás Sierra 5 Huelva, 03523;13;68;170
908978570;María Jesús;;Gomis;3280941852;Callejón Silvio Sanmartín 78 Lleida, 48998;750;20;170
941951465;Apolinar;Emilia;Cases;3290087265;Ronda Herberto Cantero 98 Piso 0  Málaga, 47393;230;85;170
906646819;Griselda;Cándido;Vázquez;3917550159;Cañada Visitación Carreño 4 Málaga, 52526;490;5;170
949692008;Saturnino;Delia;Cervera;3839196528;C. Joaquina Pastor 78 Lugo, 35626;224;25;170
930390301;Natividad;;Coello;3273050909;Vial Amparo Sarabia 37 Girona, 02262;430;13;170
904021001;Clara;Glauco;Vall;3420336895;Ronda de Bartolomé Mercader 51 Melilla, 44416;756;5;170
987035731;Vinicio;;Peñalver;3846800003;Paseo de Candelaria Manzano 43 Puerta 1  Girona, 19276;245;47;170
953180841;Iris;Amor;Hurtado;3203898147;Cuesta Íñigo Rodríguez 950 Piso 5  Lleida, 63061;841;25;170
979054057;Amor;Víctor;Prieto;3699790682;Vial Casemiro Carbonell 79 Burgos, 76365;682;66;170
963391429;Emiliana;;Cardona;3954506370;Rambla de Jordi Ariza 6 Ávila, 76590;678;52;170
913654133;Gertrudis;David;Báez;3313220741;Ronda de Leandra Carballo 28 Puerta 0  Madrid, 46289;835;52;170
905971985;Concha;Martín;Pineda;3327331211;Vial de Joan Gárate 42 Piso 8  Melilla, 69622;533;68;170
929294644;Matías;Haroldo;Valcárcel;3236265145;Avenida Lucio Olivares 4 Apt. 08  Ceuta, 86832;464;68;170
927857372;Adelaida;;Montero;3640819264;Glorieta Álvaro Carreras 557 Puerta 2  Castellón, 07063;430;27;170
985059117;Raúl;;Mulet;3933473168;Glorieta de Marciano Bayo 863 Asturias, 06796;7;11;170
979333621;Jose Carlos;;Borja;3927660056;Glorieta de Florencia Aguirre 24 Palencia, 42193;90;44;170
955486120;Alcides;;Caballero;3568452471;Acceso Vanesa Gimenez 2 León, 16165;845;19;170
966717579;Berta;;Isern;3376316013;Urbanización de Flor Alcolea 623 Sevilla, 69179;321;5;170
969542889;Lidia;Jose Manuel;Cózar;3977160307;Plaza de Fabricio Palomino 56 Soria, 85196;585;19;170
923104713;Fermín;;Sandoval;3475653057;C. Alberto Nadal 68 Puerta 1  Baleares, 50131;372;8;170
998169890;Fanny;María;Dalmau;3141327398;Calle de Zaida Montenegro 7 Piso 4  Álava, 42458;600;27;170
994832244;Gonzalo;;Jara;3647020751;Avenida Cándido Díez 15 Baleares, 54362;92;15;170
915548853;Nerea;;Barrios;3864556992;Pasaje Epifanio Morán 34 Cantabria, 45401;124;50;170
917902531;Andrés Felipe;;Zamorano;3467573451;Pasaje de Dolores Niño 74 Guadalajara, 82438;820;54;170
984448334;Hilario;Aránzazu;Lastra;3879968406;Avenida de Rufino Canals 76 Apt. 17  Palencia, 95735;535;25;170
967301377;Ciro;;Reguera;3999696012;Pasaje de Adelia Sánchez 75 Piso 9  Tarragona, 60718;288;25;170
937073955;Jovita;Esperanza;Gonzalo;3495511928;Via Wilfredo Osorio 69 Soria, 96830;660;41;170
999198554;Valentina;Lina;Farré;3861424491;Rambla Celso Chaparro 51 Piso 3  Barcelona, 39064;692;47;170
972997871;Ildefonso;;Viana;3853133453;Rambla de Quirino Beltrán 106 Puerta 7  Las Palmas, 32628;530;41;170
908265020;Paco;;Conesa;3403407715;C. Salvador Girón 16 La Coruña, 83038;284;5;170
978003241;Sandalio;;Echeverría;3962538956;Calle de Vito Mateu 88 La Coruña, 26471;270;50;170
900644966;Nilo;Jose Carlos;Aznar;3176698395;Camino Leonel Alarcón 7 Puerta 4  Zamora, 10234;356;52;170
995902042;Azahar;Rodolfo;Ojeda;3206540340;Cañada de Carina Mayo 642 Cáceres, 84485;542;15;170
980474616;Alexandra;;Escalona;3773955552;Rambla de Maura Ruano 78 Apt. 11  Pontevedra, 90071;410;18;170
919465469;Ale;María;Abella;3639018238;Avenida Pacífica Bonet 39 Ourense, 87405;760;86;170
929895646;Mirta;Edelmira;Paredes;3636669961;Paseo de Clara Villalba 94 Apt. 04  Álava, 53847;745;47;170
935997202;Isaac;Mauricio;Roca;3672943227;Camino Rufino Arregui 4 Apt. 12  Huesca, 47470;210;52;170
920846362;Eloy;Nando;Bru;3998599397;Cañada de Vicente Vendrell 43 Piso 7  Tarragona, 18461;755;15;170
962642645;Reyes;;Melero;3882061895;Ronda Tamara Castillo 8 Apt. 85  Teruel, 37443;322;15;170
902339304;Renato;Miriam;Mínguez;3195018989;Glorieta de Salvador Navarro 4 Apt. 41  Almería, 81672;531;15;170
937044408;Donato;Charo;Nebot;3370605643;Pasadizo de María Pilar Espada 49 Apt. 31  Ciudad, 04841;684;68;170
940515871;Federico;Macarena;Alegria;3969151670;Avenida de Lucio Falcón 311 Piso 2  León, 91154;1;23;170
984456845;Sarita;;Rivero;3496065241;Cuesta Albino Laguna 5 Piso 9  Zamora, 62489;306;76;170
935005522;Cirino;Sabas;Godoy;3273910686;Vial de Olimpia Sastre 7 Huesca, 89497;610;18;170
942372738;Beatriz;Diana;Ribes;3872150147;Pasaje de Samu Bonilla 815 Palencia, 48535;861;68;170
934364121;Cesar;;Montero;3902783756;Ronda de Sol Alarcón 94 Piso 7  Murcia, 95928;683;52;170
938644613;Graciana;;Duran;3151786925;Pasadizo Alondra Mendizábal 901 Apt. 17  Murcia, 04400;236;73;170
976934082;Elba;Rosaura;Barrera;3730408248;Acceso Agustina Quintana 69 Guadalajara, 43570;689;50;170
981636213;Duilio;;Guerrero;3971937508;Ronda de Olivia Galán 74 Piso 7  Zaragoza, 69435;154;25;170
959520720;Rosendo;;Malo;3960160543;Pasaje de Mar Falcón 89 Almería, 72091;708;70;170
918086145;José Antonio;Angelina;Castejón;3211735520;Cuesta Aurelio Artigas 86 Burgos, 04148;885;94;170
962756953;Heraclio;;Castell;3284288996;Acceso Vidal Gonzalo 99 Guadalajara, 78749;51;68;170
906040629;Gracia;;Ayuso;3921063700;Via Angelina Madrid 1 Piso 2  Ceuta, 28746;790;15;170
927284282;Coral;;Aguado;3459082082;Cuesta de Florentina Solsona 79 Huesca, 97086;111;63;170
907686292;Albert;Macaria;Martin;3579144201;Rambla Socorro Posada 1 Apt. 99  Ourense, 09933;560;8;170
999423667;Hugo;Yésica;Arias;3846519852;Avenida Florina Diaz 830 Puerta 8  Tarragona, 72844;523;70;170
908365796;Sara;Aníbal;Garcia;3251231444;Vial Anselmo Galan 97 Piso 8  Madrid, 25265;720;52;170
928928023;Vicenta;Trini;Gomez;3845911922;Avenida de Clímaco Alberdi 2 Madrid, 23195;774;15;170
936714701;Juan Luis;Eutropio;Carrasco;3609064697;Calle de Ofelia Aguilera 69 Piso 6  Lleida, 00962;553;54;170
917620321;Olga;;Llorente;3425145161;Cañada de Calisto Bou 7 Apt. 55  Navarra, 08279;279;85;170
931525358;Isidoro;;Feijoo;3762102444;Rambla de Corona Andrés 65 Zaragoza, 41723;479;18;170
968750894;Abigaíl;Lorenza;Conesa;3309183468;Plaza Reyes Enríquez 74 Apt. 19  Burgos, 49269;313;50;170
947004384;Leyre;;Salazar;3499283285;Cañada Teo Fabregat 56 Piso 8  Jaén, 13781;295;20;170
928881947;Ariel;;Pera;3953062439;Vial Evita Enríquez 97 Asturias, 04203;1;94;170
993161268;Inmaculada;Araceli;Ledesma;3316396792;Vial Pastora Fábregas 93 Las Palmas, 03954;272;63;170
960672024;Soraya;Petrona;Clemente;3929009893;Rambla Erasmo Zapata 76 Piso 8  Toledo, 58808;483;73;170
902801616;Omar;Mamen;Valero;3265648142;Cañada de Marcelo Montenegro 60 Piso 9  La Coruña, 82117;1;86;170
935689818;Amancio;;Garrido;3662335058;Alameda de Crescencia Ortuño 55 Palencia, 19300;664;15;170
960876416;Marina;Clara;Fajardo;3265609383;Pasaje Federico Tolosa 35 Melilla, 71200;385;68;170
960854777;Evita;Pablo;Patiño;3160889750;Pasadizo Crescencia Barco 686 Apt. 53  Toledo, 75312;517;19;170
999857613;Antonio;Yolanda;Montaña;3254101694;Pasaje de Bernardita Gallardo 98 Puerta 9  Zaragoza, 84834;1;11;170
915968982;Horacio;Gil;Criado;3847244518;Cañada Zoraida Bravo 827 Puerta 8  Baleares, 20656;244;15;170
991845776;Édgar;;Girón;3641367611;Plaza Dora Mulet 325 Lleida, 20393;815;25;170
936702553;Salomé;Verónica;Álvaro;3806255663;Alameda de Édgar Quiroga 8 Piso 9  Zamora, 10278;692;47;170
935183191;Maximiliano;;Vidal;3797372305;C. de Milagros Lladó 15 Teruel, 19357;370;68;170
900614697;Sancho;;Lozano;3482598981;Callejón de Edgardo Ribas 19 Lugo, 23241;500;68;170
980497266;Dionisio;Silvestre;Díaz;3919009801;Cañada Basilio Torres 91 Ceuta, 51883;810;13;170
941979585;Alonso;Alberto;Paniagua;3318418928;Pasadizo Matilde Guardia 766 Apt. 36  Huesca, 56076;6;11;170
992340977;Gertrudis;Dora;Mendizábal;3280246177;Vial de Albina Verdú 5 Almería, 70337;442;13;170
